<?xml version="1.0" encoding="UTF-8"?><gpx creator="Wikiloc - https://www.wikiloc.com" version="1.1" xmlns="http://www.topografix.com/GPX/1/1" xmlns:xsi="http://www.w3.org/2001/XMLSchema-instance" xsi:schemaLocation="http://www.topografix.com/GPX/1/1 http://www.topografix.com/GPX/1/1/gpx.xsd"><metadata><name>Wikiloc - Ribeira de Penha Longa</name><author><name>zervan</name><link href="https://www.wikiloc.com/wikiloc/user.do?id=10502598"><text>zervan on Wikiloc</text></link></author><link href="https://www.wikiloc.com/car-trails/ribeira-de-penha-longa-140588624"><text>Ribeira de Penha Longa on Wikiloc</text></link><time>2023-07-15T11:49:11Z</time></metadata><trk><name>Ribeira de Penha Longa</name><cmt></cmt><desc></desc><trkseg><trkpt lat="38.748025" lon="-9.394222"><ele>135.522</ele><time>2023-07-15T13:28:50Z</time></trkpt><trkpt lat="38.748003" lon="-9.394165"><ele>135.462</ele><time>2023-07-15T13:29:00Z</time></trkpt><trkpt lat="38.747978" lon="-9.394090"><ele>135.408</ele><time>2023-07-15T13:29:04Z</time></trkpt><trkpt lat="38.747960" lon="-9.394028"><ele>135.409</ele><time>2023-07-15T13:29:17Z</time></trkpt><trkpt lat="38.747905" lon="-9.393985"><ele>135.413</ele><time>2023-07-15T13:29:32Z</time></trkpt><trkpt lat="38.747802" lon="-9.394012"><ele>135.496</ele><time>2023-07-15T13:29:34Z</time></trkpt><trkpt lat="38.747714" lon="-9.394052"><ele>135.412</ele><time>2023-07-15T13:29:35Z</time></trkpt><trkpt lat="38.747602" lon="-9.394104"><ele>135.097</ele><time>2023-07-15T13:29:36Z</time></trkpt><trkpt lat="38.747479" lon="-9.394164"><ele>134.550</ele><time>2023-07-15T13:29:37Z</time></trkpt><trkpt lat="38.747346" lon="-9.394231"><ele>133.640</ele><time>2023-07-15T13:29:37Z</time></trkpt><trkpt lat="38.747204" lon="-9.394304"><ele>133.198</ele><time>2023-07-15T13:29:39Z</time></trkpt><trkpt lat="38.747052" lon="-9.394384"><ele>132.624</ele><time>2023-07-15T13:29:40Z</time></trkpt><trkpt lat="38.746894" lon="-9.394471"><ele>132.276</ele><time>2023-07-15T13:29:41Z</time></trkpt><trkpt lat="38.746732" lon="-9.394563"><ele>131.836</ele><time>2023-07-15T13:29:41Z</time></trkpt><trkpt lat="38.746569" lon="-9.394656"><ele>131.317</ele><time>2023-07-15T13:29:43Z</time></trkpt><trkpt lat="38.746406" lon="-9.394751"><ele>130.718</ele><time>2023-07-15T13:29:44Z</time></trkpt><trkpt lat="38.746251" lon="-9.394841"><ele>130.309</ele><time>2023-07-15T13:29:45Z</time></trkpt><trkpt lat="38.746116" lon="-9.394924"><ele>129.984</ele><time>2023-07-15T13:29:46Z</time></trkpt><trkpt lat="38.746011" lon="-9.395026"><ele>129.587</ele><time>2023-07-15T13:29:47Z</time></trkpt><trkpt lat="38.745946" lon="-9.395159"><ele>129.293</ele><time>2023-07-15T13:29:48Z</time></trkpt><trkpt lat="38.745924" lon="-9.395312"><ele>128.888</ele><time>2023-07-15T13:29:48Z</time></trkpt><trkpt lat="38.745946" lon="-9.395460"><ele>128.471</ele><time>2023-07-15T13:29:50Z</time></trkpt><trkpt lat="38.746006" lon="-9.395598"><ele>128.181</ele><time>2023-07-15T13:29:51Z</time></trkpt><trkpt lat="38.746098" lon="-9.395743"><ele>127.959</ele><time>2023-07-15T13:29:52Z</time></trkpt><trkpt lat="38.746220" lon="-9.395921"><ele>127.995</ele><time>2023-07-15T13:29:53Z</time></trkpt><trkpt lat="38.746365" lon="-9.396131"><ele>128.057</ele><time>2023-07-15T13:29:54Z</time></trkpt><trkpt lat="38.746523" lon="-9.396369"><ele>128.048</ele><time>2023-07-15T13:29:54Z</time></trkpt><trkpt lat="38.746686" lon="-9.396624"><ele>127.861</ele><time>2023-07-15T13:29:55Z</time></trkpt><trkpt lat="38.746844" lon="-9.396874"><ele>127.317</ele><time>2023-07-15T13:29:57Z</time></trkpt><trkpt lat="38.746986" lon="-9.397091"><ele>126.509</ele><time>2023-07-15T13:29:58Z</time></trkpt><trkpt lat="38.747128" lon="-9.397253"><ele>125.755</ele><time>2023-07-15T13:29:58Z</time></trkpt><trkpt lat="38.747276" lon="-9.397326"><ele>124.778</ele><time>2023-07-15T13:30:00Z</time></trkpt><trkpt lat="38.747444" lon="-9.397321"><ele>123.654</ele><time>2023-07-15T13:30:01Z</time></trkpt><trkpt lat="38.747639" lon="-9.397269"><ele>122.949</ele><time>2023-07-15T13:30:02Z</time></trkpt><trkpt lat="38.747869" lon="-9.397194"><ele>122.672</ele><time>2023-07-15T13:30:03Z</time></trkpt><trkpt lat="38.748126" lon="-9.397107"><ele>122.242</ele><time>2023-07-15T13:30:04Z</time></trkpt><trkpt lat="38.748383" lon="-9.397019"><ele>121.480</ele><time>2023-07-15T13:30:04Z</time></trkpt><trkpt lat="38.748631" lon="-9.396931"><ele>120.516</ele><time>2023-07-15T13:30:06Z</time></trkpt><trkpt lat="38.748848" lon="-9.396829"><ele>119.688</ele><time>2023-07-15T13:30:07Z</time></trkpt><trkpt lat="38.749016" lon="-9.396687"><ele>118.892</ele><time>2023-07-15T13:30:08Z</time></trkpt><trkpt lat="38.749116" lon="-9.396507"><ele>118.573</ele><time>2023-07-15T13:30:09Z</time></trkpt><trkpt lat="38.749136" lon="-9.396320"><ele>118.620</ele><time>2023-07-15T13:30:10Z</time></trkpt><trkpt lat="38.749079" lon="-9.396150"><ele>119.309</ele><time>2023-07-15T13:30:11Z</time></trkpt><trkpt lat="38.748954" lon="-9.396025"><ele>120.590</ele><time>2023-07-15T13:30:12Z</time></trkpt><trkpt lat="38.748779" lon="-9.395968"><ele>121.813</ele><time>2023-07-15T13:30:13Z</time></trkpt><trkpt lat="38.748571" lon="-9.395981"><ele>123.029</ele><time>2023-07-15T13:30:14Z</time></trkpt><trkpt lat="38.748348" lon="-9.396044"><ele>124.174</ele><time>2023-07-15T13:30:15Z</time></trkpt><trkpt lat="38.748118" lon="-9.396127"><ele>125.397</ele><time>2023-07-15T13:30:15Z</time></trkpt><trkpt lat="38.747903" lon="-9.396205"><ele>126.657</ele><time>2023-07-15T13:30:16Z</time></trkpt><trkpt lat="38.747713" lon="-9.396262"><ele>127.775</ele><time>2023-07-15T13:30:17Z</time></trkpt><trkpt lat="38.747538" lon="-9.396269"><ele>128.751</ele><time>2023-07-15T13:30:18Z</time></trkpt><trkpt lat="38.747375" lon="-9.396214"><ele>129.623</ele><time>2023-07-15T13:30:20Z</time></trkpt><trkpt lat="38.747252" lon="-9.396094"><ele>130.335</ele><time>2023-07-15T13:30:21Z</time></trkpt><trkpt lat="38.747187" lon="-9.395926"><ele>130.786</ele><time>2023-07-15T13:30:22Z</time></trkpt><trkpt lat="38.747185" lon="-9.395733"><ele>131.014</ele><time>2023-07-15T13:30:23Z</time></trkpt><trkpt lat="38.747248" lon="-9.395548"><ele>131.309</ele><time>2023-07-15T13:30:23Z</time></trkpt><trkpt lat="38.747370" lon="-9.395415"><ele>131.664</ele><time>2023-07-15T13:30:24Z</time></trkpt><trkpt lat="38.747533" lon="-9.395327"><ele>132.027</ele><time>2023-07-15T13:30:26Z</time></trkpt><trkpt lat="38.747743" lon="-9.395264"><ele>132.373</ele><time>2023-07-15T13:30:27Z</time></trkpt><trkpt lat="38.748001" lon="-9.395206"><ele>132.618</ele><time>2023-07-15T13:30:27Z</time></trkpt><trkpt lat="38.748306" lon="-9.395143"><ele>133.121</ele><time>2023-07-15T13:30:29Z</time></trkpt><trkpt lat="38.748629" lon="-9.395075"><ele>133.311</ele><time>2023-07-15T13:30:30Z</time></trkpt><trkpt lat="38.748944" lon="-9.395002"><ele>133.319</ele><time>2023-07-15T13:30:30Z</time></trkpt><trkpt lat="38.749241" lon="-9.394920"><ele>133.035</ele><time>2023-07-15T13:30:31Z</time></trkpt><trkpt lat="38.749526" lon="-9.394787"><ele>133.247</ele><time>2023-07-15T13:30:33Z</time></trkpt><trkpt lat="38.749794" lon="-9.394579"><ele>133.579</ele><time>2023-07-15T13:30:34Z</time></trkpt><trkpt lat="38.750056" lon="-9.394321"><ele>133.805</ele><time>2023-07-15T13:30:34Z</time></trkpt><trkpt lat="38.750324" lon="-9.394043"><ele>134.225</ele><time>2023-07-15T13:30:36Z</time></trkpt><trkpt lat="38.750592" lon="-9.393760"><ele>134.409</ele><time>2023-07-15T13:30:37Z</time></trkpt><trkpt lat="38.750852" lon="-9.393487"><ele>134.478</ele><time>2023-07-15T13:30:38Z</time></trkpt><trkpt lat="38.751107" lon="-9.393230"><ele>134.591</ele><time>2023-07-15T13:30:39Z</time></trkpt><trkpt lat="38.751354" lon="-9.392983"><ele>134.617</ele><time>2023-07-15T13:30:40Z</time></trkpt><trkpt lat="38.751581" lon="-9.392750"><ele>134.742</ele><time>2023-07-15T13:30:41Z</time></trkpt><trkpt lat="38.751793" lon="-9.392538"><ele>134.735</ele><time>2023-07-15T13:30:42Z</time></trkpt><trkpt lat="38.751995" lon="-9.392330"><ele>134.795</ele><time>2023-07-15T13:30:42Z</time></trkpt><trkpt lat="38.752198" lon="-9.392125"><ele>134.883</ele><time>2023-07-15T13:30:43Z</time></trkpt><trkpt lat="38.752398" lon="-9.391925"><ele>134.849</ele><time>2023-07-15T13:30:45Z</time></trkpt><trkpt lat="38.752586" lon="-9.391727"><ele>134.861</ele><time>2023-07-15T13:30:46Z</time></trkpt><trkpt lat="38.752756" lon="-9.391552"><ele>134.873</ele><time>2023-07-15T13:30:47Z</time></trkpt><trkpt lat="38.752911" lon="-9.391422"><ele>134.885</ele><time>2023-07-15T13:30:48Z</time></trkpt><trkpt lat="38.753068" lon="-9.391359"><ele>134.713</ele><time>2023-07-15T13:30:49Z</time></trkpt><trkpt lat="38.753225" lon="-9.391374"><ele>134.709</ele><time>2023-07-15T13:30:49Z</time></trkpt><trkpt lat="38.753365" lon="-9.391464"><ele>134.968</ele><time>2023-07-15T13:30:51Z</time></trkpt><trkpt lat="38.753478" lon="-9.391616"><ele>135.251</ele><time>2023-07-15T13:30:52Z</time></trkpt><trkpt lat="38.753550" lon="-9.391814"><ele>135.637</ele><time>2023-07-15T13:30:53Z</time></trkpt><trkpt lat="38.753567" lon="-9.392042"><ele>136.182</ele><time>2023-07-15T13:30:54Z</time></trkpt><trkpt lat="38.753529" lon="-9.392277"><ele>136.645</ele><time>2023-07-15T13:30:55Z</time></trkpt><trkpt lat="38.753439" lon="-9.392505"><ele>137.235</ele><time>2023-07-15T13:30:56Z</time></trkpt><trkpt lat="38.753296" lon="-9.392727"><ele>137.633</ele><time>2023-07-15T13:30:57Z</time></trkpt><trkpt lat="38.753103" lon="-9.392945"><ele>138.089</ele><time>2023-07-15T13:30:58Z</time></trkpt><trkpt lat="38.752871" lon="-9.393173"><ele>138.381</ele><time>2023-07-15T13:30:58Z</time></trkpt><trkpt lat="38.752616" lon="-9.393420"><ele>137.945</ele><time>2023-07-15T13:31:00Z</time></trkpt><trkpt lat="38.752343" lon="-9.393688"><ele>136.947</ele><time>2023-07-15T13:31:01Z</time></trkpt><trkpt lat="38.752071" lon="-9.393961"><ele>135.711</ele><time>2023-07-15T13:31:02Z</time></trkpt><trkpt lat="38.751804" lon="-9.394234"><ele>134.309</ele><time>2023-07-15T13:31:03Z</time></trkpt><trkpt lat="38.751541" lon="-9.394502"><ele>132.995</ele><time>2023-07-15T13:31:04Z</time></trkpt><trkpt lat="38.751308" lon="-9.394747"><ele>131.398</ele><time>2023-07-15T13:31:05Z</time></trkpt><trkpt lat="38.751126" lon="-9.394987"><ele>130.584</ele><time>2023-07-15T13:31:06Z</time></trkpt><trkpt lat="38.751018" lon="-9.395224"><ele>129.019</ele><time>2023-07-15T13:31:07Z</time></trkpt><trkpt lat="38.750991" lon="-9.395451"><ele>127.792</ele><time>2023-07-15T13:31:07Z</time></trkpt><trkpt lat="38.751039" lon="-9.395656"><ele>126.422</ele><time>2023-07-15T13:31:09Z</time></trkpt><trkpt lat="38.751154" lon="-9.395823"><ele>125.410</ele><time>2023-07-15T13:31:10Z</time></trkpt><trkpt lat="38.751327" lon="-9.395943"><ele>124.716</ele><time>2023-07-15T13:31:11Z</time></trkpt><trkpt lat="38.751544" lon="-9.396018"><ele>124.428</ele><time>2023-07-15T13:31:12Z</time></trkpt><trkpt lat="38.751777" lon="-9.396068"><ele>124.413</ele><time>2023-07-15T13:31:13Z</time></trkpt><trkpt lat="38.751994" lon="-9.396105"><ele>124.643</ele><time>2023-07-15T13:31:13Z</time></trkpt><trkpt lat="38.752201" lon="-9.396140"><ele>124.907</ele><time>2023-07-15T13:31:15Z</time></trkpt><trkpt lat="38.752408" lon="-9.396133"><ele>125.509</ele><time>2023-07-15T13:31:16Z</time></trkpt><trkpt lat="38.752600" lon="-9.396050"><ele>126.352</ele><time>2023-07-15T13:31:16Z</time></trkpt><trkpt lat="38.752770" lon="-9.395887"><ele>127.215</ele><time>2023-07-15T13:31:18Z</time></trkpt><trkpt lat="38.752922" lon="-9.395670"><ele>128.231</ele><time>2023-07-15T13:31:19Z</time></trkpt><trkpt lat="38.753054" lon="-9.395442"><ele>129.556</ele><time>2023-07-15T13:31:20Z</time></trkpt><trkpt lat="38.753161" lon="-9.395244"><ele>130.979</ele><time>2023-07-15T13:31:20Z</time></trkpt><trkpt lat="38.753263" lon="-9.395124"><ele>132.269</ele><time>2023-07-15T13:31:21Z</time></trkpt><trkpt lat="38.753371" lon="-9.395096"><ele>132.747</ele><time>2023-07-15T13:31:22Z</time></trkpt><trkpt lat="38.753464" lon="-9.395143"><ele>133.353</ele><time>2023-07-15T13:31:24Z</time></trkpt><trkpt lat="38.753531" lon="-9.395256"><ele>133.585</ele><time>2023-07-15T13:31:24Z</time></trkpt><trkpt lat="38.753591" lon="-9.395396"><ele>134.187</ele><time>2023-07-15T13:31:25Z</time></trkpt><trkpt lat="38.753693" lon="-9.395483"><ele>134.942</ele><time>2023-07-15T13:31:26Z</time></trkpt><trkpt lat="38.753815" lon="-9.395483"><ele>135.726</ele><time>2023-07-15T13:31:27Z</time></trkpt><trkpt lat="38.753943" lon="-9.395401"><ele>136.409</ele><time>2023-07-15T13:31:29Z</time></trkpt><trkpt lat="38.754068" lon="-9.395249"><ele>138.269</ele><time>2023-07-15T13:31:30Z</time></trkpt><trkpt lat="38.754170" lon="-9.395027"><ele>139.312</ele><time>2023-07-15T13:31:30Z</time></trkpt><trkpt lat="38.754240" lon="-9.394747"><ele>140.178</ele><time>2023-07-15T13:31:31Z</time></trkpt><trkpt lat="38.754267" lon="-9.394422"><ele>140.543</ele><time>2023-07-15T13:31:32Z</time></trkpt><trkpt lat="38.754240" lon="-9.394079"><ele>140.716</ele><time>2023-07-15T13:31:34Z</time></trkpt><trkpt lat="38.754183" lon="-9.393771"><ele>140.996</ele><time>2023-07-15T13:31:34Z</time></trkpt><trkpt lat="38.754133" lon="-9.393509"><ele>141.044</ele><time>2023-07-15T13:31:35Z</time></trkpt><trkpt lat="38.754120" lon="-9.393296"><ele>141.210</ele><time>2023-07-15T13:31:36Z</time></trkpt><trkpt lat="38.754158" lon="-9.393111"><ele>141.412</ele><time>2023-07-15T13:31:38Z</time></trkpt><trkpt lat="38.754255" lon="-9.392951"><ele>141.555</ele><time>2023-07-15T13:31:39Z</time></trkpt><trkpt lat="38.754408" lon="-9.392834"><ele>141.607</ele><time>2023-07-15T13:31:39Z</time></trkpt><trkpt lat="38.754596" lon="-9.392736"><ele>141.917</ele><time>2023-07-15T13:31:40Z</time></trkpt><trkpt lat="38.754789" lon="-9.392619"><ele>142.509</ele><time>2023-07-15T13:31:41Z</time></trkpt><trkpt lat="38.754962" lon="-9.392462"><ele>143.136</ele><time>2023-07-15T13:31:42Z</time></trkpt><trkpt lat="38.755110" lon="-9.392269"><ele>143.599</ele><time>2023-07-15T13:31:43Z</time></trkpt><trkpt lat="38.755227" lon="-9.392037"><ele>143.685</ele><time>2023-07-15T13:31:44Z</time></trkpt><trkpt lat="38.755300" lon="-9.391775"><ele>143.750</ele><time>2023-07-15T13:31:45Z</time></trkpt><trkpt lat="38.755323" lon="-9.391483"><ele>143.893</ele><time>2023-07-15T13:31:46Z</time></trkpt><trkpt lat="38.755280" lon="-9.391183"><ele>143.953</ele><time>2023-07-15T13:31:48Z</time></trkpt><trkpt lat="38.755175" lon="-9.390898"><ele>144.151</ele><time>2023-07-15T13:31:48Z</time></trkpt><trkpt lat="38.755015" lon="-9.390646"><ele>144.367</ele><time>2023-07-15T13:31:49Z</time></trkpt><trkpt lat="38.754813" lon="-9.390444"><ele>144.569</ele><time>2023-07-15T13:31:50Z</time></trkpt><trkpt lat="38.754578" lon="-9.390307"><ele>144.677</ele><time>2023-07-15T13:31:51Z</time></trkpt><trkpt lat="38.754321" lon="-9.390244"><ele>144.661</ele><time>2023-07-15T13:31:52Z</time></trkpt><trkpt lat="38.754048" lon="-9.390256"><ele>144.427</ele><time>2023-07-15T13:31:54Z</time></trkpt><trkpt lat="38.753758" lon="-9.390344"><ele>144.309</ele><time>2023-07-15T13:31:55Z</time></trkpt><trkpt lat="38.753453" lon="-9.390494"><ele>144.228</ele><time>2023-07-15T13:31:56Z</time></trkpt><trkpt lat="38.753125" lon="-9.390676"><ele>144.051</ele><time>2023-07-15T13:31:57Z</time></trkpt><trkpt lat="38.752770" lon="-9.390878"><ele>143.767</ele><time>2023-07-15T13:31:58Z</time></trkpt><trkpt lat="38.752387" lon="-9.391096"><ele>143.582</ele><time>2023-07-15T13:31:58Z</time></trkpt><trkpt lat="38.751977" lon="-9.391331"><ele>143.235</ele><time>2023-07-15T13:32:00Z</time></trkpt><trkpt lat="38.751540" lon="-9.391584"><ele>142.895</ele><time>2023-07-15T13:32:01Z</time></trkpt><trkpt lat="38.751085" lon="-9.391847"><ele>142.473</ele><time>2023-07-15T13:32:01Z</time></trkpt><trkpt lat="38.750613" lon="-9.392120"><ele>141.989</ele><time>2023-07-15T13:32:03Z</time></trkpt><trkpt lat="38.750126" lon="-9.392402"><ele>141.491</ele><time>2023-07-15T13:32:03Z</time></trkpt><trkpt lat="38.749634" lon="-9.392685"><ele>140.872</ele><time>2023-07-15T13:32:04Z</time></trkpt><trkpt lat="38.749151" lon="-9.392963"><ele>140.013</ele><time>2023-07-15T13:32:06Z</time></trkpt><trkpt lat="38.748679" lon="-9.393236"><ele>139.014</ele><time>2023-07-15T13:32:07Z</time></trkpt><trkpt lat="38.748226" lon="-9.393498"><ele>138.209</ele><time>2023-07-15T13:32:08Z</time></trkpt><trkpt lat="38.747789" lon="-9.393750"><ele>137.288</ele><time>2023-07-15T13:32:08Z</time></trkpt><trkpt lat="38.747379" lon="-9.393987"><ele>136.271</ele><time>2023-07-15T13:32:09Z</time></trkpt><trkpt lat="38.747014" lon="-9.394194"><ele>134.827</ele><time>2023-07-15T13:32:10Z</time></trkpt><trkpt lat="38.746687" lon="-9.394379"><ele>133.372</ele><time>2023-07-15T13:32:11Z</time></trkpt><trkpt lat="38.746390" lon="-9.394547"><ele>132.095</ele><time>2023-07-15T13:32:13Z</time></trkpt><trkpt lat="38.746125" lon="-9.394699"><ele>131.375</ele><time>2023-07-15T13:32:14Z</time></trkpt><trkpt lat="38.745897" lon="-9.394836"><ele>131.033</ele><time>2023-07-15T13:32:15Z</time></trkpt><trkpt lat="38.745729" lon="-9.394968"><ele>130.439</ele><time>2023-07-15T13:32:16Z</time></trkpt><trkpt lat="38.745629" lon="-9.395108"><ele>129.741</ele><time>2023-07-15T13:32:17Z</time></trkpt><trkpt lat="38.745594" lon="-9.395256"><ele>129.495</ele><time>2023-07-15T13:32:18Z</time></trkpt><trkpt lat="38.745626" lon="-9.395396"><ele>128.949</ele><time>2023-07-15T13:32:18Z</time></trkpt><trkpt lat="38.745721" lon="-9.395526"><ele>128.723</ele><time>2023-07-15T13:32:19Z</time></trkpt><trkpt lat="38.745871" lon="-9.395664"><ele>128.809</ele><time>2023-07-15T13:32:21Z</time></trkpt><trkpt lat="38.746056" lon="-9.395836"><ele>129.170</ele><time>2023-07-15T13:32:21Z</time></trkpt><trkpt lat="38.746256" lon="-9.396061"><ele>129.443</ele><time>2023-07-15T13:32:22Z</time></trkpt><trkpt lat="38.746454" lon="-9.396341"><ele>129.469</ele><time>2023-07-15T13:32:24Z</time></trkpt><trkpt lat="38.746644" lon="-9.396639"><ele>129.144</ele><time>2023-07-15T13:32:25Z</time></trkpt><trkpt lat="38.746817" lon="-9.396916"><ele>128.317</ele><time>2023-07-15T13:32:25Z</time></trkpt><trkpt lat="38.746980" lon="-9.397144"><ele>127.817</ele><time>2023-07-15T13:32:27Z</time></trkpt><trkpt lat="38.747157" lon="-9.397289"><ele>126.855</ele><time>2023-07-15T13:32:27Z</time></trkpt><trkpt lat="38.747345" lon="-9.397329"><ele>125.671</ele><time>2023-07-15T13:32:29Z</time></trkpt><trkpt lat="38.747567" lon="-9.397282"><ele>124.683</ele><time>2023-07-15T13:32:30Z</time></trkpt><trkpt lat="38.747832" lon="-9.397185"><ele>124.189</ele><time>2023-07-15T13:32:31Z</time></trkpt><trkpt lat="38.748144" lon="-9.397067"><ele>123.306</ele><time>2023-07-15T13:32:31Z</time></trkpt><trkpt lat="38.748464" lon="-9.396947"><ele>122.226</ele><time>2023-07-15T13:32:33Z</time></trkpt><trkpt lat="38.748746" lon="-9.396832"><ele>121.009</ele><time>2023-07-15T13:32:33Z</time></trkpt><trkpt lat="38.748969" lon="-9.396699"><ele>120.529</ele><time>2023-07-15T13:32:35Z</time></trkpt><trkpt lat="38.749109" lon="-9.396522"><ele>119.932</ele><time>2023-07-15T13:32:35Z</time></trkpt><trkpt lat="38.749151" lon="-9.396317"><ele>119.988</ele><time>2023-07-15T13:32:37Z</time></trkpt><trkpt lat="38.749104" lon="-9.396127"><ele>120.623</ele><time>2023-07-15T13:32:38Z</time></trkpt><trkpt lat="38.748986" lon="-9.395977"><ele>121.936</ele><time>2023-07-15T13:32:38Z</time></trkpt><trkpt lat="38.748823" lon="-9.395915"><ele>123.366</ele><time>2023-07-15T13:32:40Z</time></trkpt><trkpt lat="38.748665" lon="-9.395977"><ele>124.584</ele><time>2023-07-15T13:32:41Z</time></trkpt><trkpt lat="38.748553" lon="-9.396074"><ele>126.260</ele><time>2023-07-15T13:32:42Z</time></trkpt><trkpt lat="38.748446" lon="-9.396104"><ele>125.012</ele><time>2023-07-15T13:32:42Z</time></trkpt><trkpt lat="38.748308" lon="-9.396139"><ele>125.231</ele><time>2023-07-15T13:32:43Z</time></trkpt><trkpt lat="38.748125" lon="-9.396181"><ele>125.661</ele><time>2023-07-15T13:32:45Z</time></trkpt><trkpt lat="38.747915" lon="-9.396243"><ele>126.507</ele><time>2023-07-15T13:32:46Z</time></trkpt><trkpt lat="38.747730" lon="-9.396291"><ele>127.509</ele><time>2023-07-15T13:32:46Z</time></trkpt><trkpt lat="38.747558" lon="-9.396289"><ele>128.494</ele><time>2023-07-15T13:32:48Z</time></trkpt><trkpt lat="38.747386" lon="-9.396221"><ele>129.347</ele><time>2023-07-15T13:32:49Z</time></trkpt><trkpt lat="38.747268" lon="-9.396078"><ele>129.883</ele><time>2023-07-15T13:32:49Z</time></trkpt><trkpt lat="38.747215" lon="-9.395888"><ele>130.048</ele><time>2023-07-15T13:32:51Z</time></trkpt><trkpt lat="38.747233" lon="-9.395681"><ele>130.311</ele><time>2023-07-15T13:32:52Z</time></trkpt><trkpt lat="38.747328" lon="-9.395501"><ele>130.741</ele><time>2023-07-15T13:32:52Z</time></trkpt><trkpt lat="38.747481" lon="-9.395384"><ele>131.129</ele><time>2023-07-15T13:32:54Z</time></trkpt><trkpt lat="38.747686" lon="-9.395312"><ele>131.595</ele><time>2023-07-15T13:32:55Z</time></trkpt><trkpt lat="38.747931" lon="-9.395249"><ele>131.897</ele><time>2023-07-15T13:32:55Z</time></trkpt><trkpt lat="38.748216" lon="-9.395184"><ele>132.345</ele><time>2023-07-15T13:32:57Z</time></trkpt><trkpt lat="38.748531" lon="-9.395116"><ele>132.647</ele><time>2023-07-15T13:32:57Z</time></trkpt><trkpt lat="38.748853" lon="-9.395043"><ele>132.811</ele><time>2023-07-15T13:32:59Z</time></trkpt><trkpt lat="38.749161" lon="-9.394966"><ele>132.809</ele><time>2023-07-15T13:33:00Z</time></trkpt><trkpt lat="38.749453" lon="-9.394854"><ele>132.625</ele><time>2023-07-15T13:33:01Z</time></trkpt><trkpt lat="38.749721" lon="-9.394672"><ele>133.128</ele><time>2023-07-15T13:33:02Z</time></trkpt><trkpt lat="38.749984" lon="-9.394429"><ele>133.534</ele><time>2023-07-15T13:33:03Z</time></trkpt><trkpt lat="38.750262" lon="-9.394139"><ele>133.959</ele><time>2023-07-15T13:33:04Z</time></trkpt><trkpt lat="38.750560" lon="-9.393826"><ele>134.282</ele><time>2023-07-15T13:33:04Z</time></trkpt><trkpt lat="38.750875" lon="-9.393499"><ele>134.512</ele><time>2023-07-15T13:33:06Z</time></trkpt><trkpt lat="38.751200" lon="-9.393166"><ele>134.670</ele><time>2023-07-15T13:33:07Z</time></trkpt><trkpt lat="38.751515" lon="-9.392844"><ele>134.896</ele><time>2023-07-15T13:33:08Z</time></trkpt><trkpt lat="38.751810" lon="-9.392544"><ele>134.778</ele><time>2023-07-15T13:33:09Z</time></trkpt><trkpt lat="38.752077" lon="-9.392266"><ele>134.784</ele><time>2023-07-15T13:33:10Z</time></trkpt><trkpt lat="38.752325" lon="-9.392006"><ele>134.807</ele><time>2023-07-15T13:33:10Z</time></trkpt><trkpt lat="38.752558" lon="-9.391766"><ele>134.917</ele><time>2023-07-15T13:33:12Z</time></trkpt><trkpt lat="38.752765" lon="-9.391561"><ele>134.909</ele><time>2023-07-15T13:33:13Z</time></trkpt><trkpt lat="38.752955" lon="-9.391408"><ele>134.999</ele><time>2023-07-15T13:33:14Z</time></trkpt><trkpt lat="38.753137" lon="-9.391360"><ele>134.882</ele><time>2023-07-15T13:33:14Z</time></trkpt><trkpt lat="38.753309" lon="-9.391420"><ele>134.718</ele><time>2023-07-15T13:33:16Z</time></trkpt><trkpt lat="38.753452" lon="-9.391572"><ele>135.013</ele><time>2023-07-15T13:33:16Z</time></trkpt><trkpt lat="38.753547" lon="-9.391799"><ele>135.496</ele><time>2023-07-15T13:33:18Z</time></trkpt><trkpt lat="38.753572" lon="-9.392072"><ele>136.046</ele><time>2023-07-15T13:33:18Z</time></trkpt><trkpt lat="38.753515" lon="-9.392357"><ele>136.724</ele><time>2023-07-15T13:33:19Z</time></trkpt><trkpt lat="38.753387" lon="-9.392632"><ele>137.440</ele><time>2023-07-15T13:33:20Z</time></trkpt><trkpt lat="38.753189" lon="-9.392884"><ele>138.242</ele><time>2023-07-15T13:33:21Z</time></trkpt><trkpt lat="38.752944" lon="-9.393136"><ele>138.532</ele><time>2023-07-15T13:33:23Z</time></trkpt><trkpt lat="38.752662" lon="-9.393411"><ele>138.392</ele><time>2023-07-15T13:33:24Z</time></trkpt><trkpt lat="38.752350" lon="-9.393713"><ele>137.411</ele><time>2023-07-15T13:33:24Z</time></trkpt><trkpt lat="38.752017" lon="-9.394035"><ele>136.109</ele><time>2023-07-15T13:33:26Z</time></trkpt><trkpt lat="38.751695" lon="-9.394357"><ele>134.494</ele><time>2023-07-15T13:33:27Z</time></trkpt><trkpt lat="38.751410" lon="-9.394650"><ele>132.547</ele><time>2023-07-15T13:33:28Z</time></trkpt><trkpt lat="38.751183" lon="-9.394918"><ele>130.693</ele><time>2023-07-15T13:33:29Z</time></trkpt><trkpt lat="38.751036" lon="-9.395190"><ele>129.898</ele><time>2023-07-15T13:33:30Z</time></trkpt><trkpt lat="38.750983" lon="-9.395453"><ele>128.251</ele><time>2023-07-15T13:33:31Z</time></trkpt><trkpt lat="38.751030" lon="-9.395690"><ele>126.861</ele><time>2023-07-15T13:33:32Z</time></trkpt><trkpt lat="38.751162" lon="-9.395870"><ele>125.859</ele><time>2023-07-15T13:33:33Z</time></trkpt><trkpt lat="38.751360" lon="-9.395990"><ele>125.065</ele><time>2023-07-15T13:33:34Z</time></trkpt><trkpt lat="38.751603" lon="-9.396055"><ele>124.787</ele><time>2023-07-15T13:33:35Z</time></trkpt><trkpt lat="38.751871" lon="-9.396102"><ele>124.852</ele><time>2023-07-15T13:33:36Z</time></trkpt><trkpt lat="38.752124" lon="-9.396140"><ele>125.153</ele><time>2023-07-15T13:33:36Z</time></trkpt><trkpt lat="38.752352" lon="-9.396143"><ele>125.608</ele><time>2023-07-15T13:33:38Z</time></trkpt><trkpt lat="38.752570" lon="-9.396071"><ele>126.209</ele><time>2023-07-15T13:33:39Z</time></trkpt><trkpt lat="38.752770" lon="-9.395908"><ele>127.146</ele><time>2023-07-15T13:33:40Z</time></trkpt><trkpt lat="38.752943" lon="-9.395666"><ele>128.549</ele><time>2023-07-15T13:33:41Z</time></trkpt><trkpt lat="38.753075" lon="-9.395426"><ele>129.965</ele><time>2023-07-15T13:33:42Z</time></trkpt><trkpt lat="38.753192" lon="-9.395253"><ele>131.230</ele><time>2023-07-15T13:33:43Z</time></trkpt><trkpt lat="38.753319" lon="-9.395161"><ele>132.523</ele><time>2023-07-15T13:33:44Z</time></trkpt><trkpt lat="38.753431" lon="-9.395164"><ele>133.133</ele><time>2023-07-15T13:33:44Z</time></trkpt><trkpt lat="38.753513" lon="-9.395239"><ele>133.431</ele><time>2023-07-15T13:33:45Z</time></trkpt><trkpt lat="38.753576" lon="-9.395364"><ele>134.177</ele><time>2023-07-15T13:33:46Z</time></trkpt><trkpt lat="38.753659" lon="-9.395462"><ele>135.089</ele><time>2023-07-15T13:33:48Z</time></trkpt><trkpt lat="38.753764" lon="-9.395494"><ele>135.779</ele><time>2023-07-15T13:33:48Z</time></trkpt><trkpt lat="38.753882" lon="-9.395444"><ele>136.305</ele><time>2023-07-15T13:33:49Z</time></trkpt><trkpt lat="38.754002" lon="-9.395319"><ele>138.025</ele><time>2023-07-15T13:33:51Z</time></trkpt><trkpt lat="38.754107" lon="-9.395107"><ele>139.109</ele><time>2023-07-15T13:33:52Z</time></trkpt><trkpt lat="38.754184" lon="-9.394820"><ele>140.058</ele><time>2023-07-15T13:33:52Z</time></trkpt><trkpt lat="38.754231" lon="-9.394470"><ele>140.811</ele><time>2023-07-15T13:33:53Z</time></trkpt><trkpt lat="38.754229" lon="-9.394085"><ele>141.147</ele><time>2023-07-15T13:33:54Z</time></trkpt><trkpt lat="38.754172" lon="-9.393733"><ele>141.382</ele><time>2023-07-15T13:33:56Z</time></trkpt><trkpt lat="38.754124" lon="-9.393436"><ele>141.485</ele><time>2023-07-15T13:33:56Z</time></trkpt><trkpt lat="38.754149" lon="-9.393178"><ele>141.775</ele><time>2023-07-15T13:33:58Z</time></trkpt><trkpt lat="38.754254" lon="-9.392966"><ele>141.983</ele><time>2023-07-15T13:33:58Z</time></trkpt><trkpt lat="38.754426" lon="-9.392821"><ele>142.049</ele><time>2023-07-15T13:34:00Z</time></trkpt><trkpt lat="38.754646" lon="-9.392719"><ele>142.381</ele><time>2023-07-15T13:34:00Z</time></trkpt><trkpt lat="38.754873" lon="-9.392571"><ele>143.095</ele><time>2023-07-15T13:34:02Z</time></trkpt><trkpt lat="38.755071" lon="-9.392348"><ele>143.849</ele><time>2023-07-15T13:34:02Z</time></trkpt><trkpt lat="38.755219" lon="-9.392066"><ele>144.223</ele><time>2023-07-15T13:34:03Z</time></trkpt><trkpt lat="38.755304" lon="-9.391749"><ele>144.209</ele><time>2023-07-15T13:34:04Z</time></trkpt><trkpt lat="38.755317" lon="-9.391416"><ele>144.330</ele><time>2023-07-15T13:34:05Z</time></trkpt><trkpt lat="38.755260" lon="-9.391088"><ele>144.413</ele><time>2023-07-15T13:34:06Z</time></trkpt><trkpt lat="38.755132" lon="-9.390791"><ele>144.629</ele><time>2023-07-15T13:34:07Z</time></trkpt><trkpt lat="38.754944" lon="-9.390543"><ele>145.084</ele><time>2023-07-15T13:34:08Z</time></trkpt><trkpt lat="38.754709" lon="-9.390360"><ele>145.117</ele><time>2023-07-15T13:34:09Z</time></trkpt><trkpt lat="38.754439" lon="-9.390255"><ele>145.137</ele><time>2023-07-15T13:34:11Z</time></trkpt><trkpt lat="38.754144" lon="-9.390230"><ele>145.175</ele><time>2023-07-15T13:34:12Z</time></trkpt><trkpt lat="38.753829" lon="-9.390295"><ele>145.091</ele><time>2023-07-15T13:34:13Z</time></trkpt><trkpt lat="38.753501" lon="-9.390442"><ele>145.033</ele><time>2023-07-15T13:34:14Z</time></trkpt><trkpt lat="38.753163" lon="-9.390632"><ele>144.716</ele><time>2023-07-15T13:34:15Z</time></trkpt><trkpt lat="38.752805" lon="-9.390840"><ele>144.376</ele><time>2023-07-15T13:34:15Z</time></trkpt><trkpt lat="38.752423" lon="-9.391065"><ele>143.913</ele><time>2023-07-15T13:34:17Z</time></trkpt><trkpt lat="38.752018" lon="-9.391302"><ele>143.509</ele><time>2023-07-15T13:34:18Z</time></trkpt><trkpt lat="38.751591" lon="-9.391549"><ele>143.152</ele><time>2023-07-15T13:34:18Z</time></trkpt><trkpt lat="38.751149" lon="-9.391804"><ele>142.775</ele><time>2023-07-15T13:34:20Z</time></trkpt><trkpt lat="38.750687" lon="-9.392072"><ele>142.221</ele><time>2023-07-15T13:34:21Z</time></trkpt><trkpt lat="38.750207" lon="-9.392350"><ele>141.636</ele><time>2023-07-15T13:34:21Z</time></trkpt><trkpt lat="38.749710" lon="-9.392638"><ele>141.169</ele><time>2023-07-15T13:34:22Z</time></trkpt><trkpt lat="38.749202" lon="-9.392936"><ele>140.519</ele><time>2023-07-15T13:34:23Z</time></trkpt><trkpt lat="38.748689" lon="-9.393234"><ele>139.987</ele><time>2023-07-15T13:34:24Z</time></trkpt><trkpt lat="38.748184" lon="-9.393524"><ele>139.393</ele><time>2023-07-15T13:34:25Z</time></trkpt><trkpt lat="38.747691" lon="-9.393809"><ele>138.445</ele><time>2023-07-15T13:34:26Z</time></trkpt><trkpt lat="38.747233" lon="-9.394074"><ele>137.266</ele><time>2023-07-15T13:34:27Z</time></trkpt><trkpt lat="38.746825" lon="-9.394307"><ele>135.429</ele><time>2023-07-15T13:34:28Z</time></trkpt><trkpt lat="38.746473" lon="-9.394505"><ele>133.721</ele><time>2023-07-15T13:34:29Z</time></trkpt><trkpt lat="38.746180" lon="-9.394673"><ele>132.309</ele><time>2023-07-15T13:34:31Z</time></trkpt><trkpt lat="38.745947" lon="-9.394808"><ele>131.797</ele><time>2023-07-15T13:34:31Z</time></trkpt><trkpt lat="38.745759" lon="-9.394946"><ele>130.860</ele><time>2023-07-15T13:34:32Z</time></trkpt><trkpt lat="38.745647" lon="-9.395136"><ele>130.356</ele><time>2023-07-15T13:34:33Z</time></trkpt><trkpt lat="38.745632" lon="-9.395338"><ele>129.651</ele><time>2023-07-15T13:34:34Z</time></trkpt><trkpt lat="38.745714" lon="-9.395518"><ele>128.874</ele><time>2023-07-15T13:34:35Z</time></trkpt><trkpt lat="38.745864" lon="-9.395686"><ele>128.824</ele><time>2023-07-15T13:34:36Z</time></trkpt><trkpt lat="38.746054" lon="-9.395873"><ele>129.132</ele><time>2023-07-15T13:34:37Z</time></trkpt><trkpt lat="38.746264" lon="-9.396120"><ele>129.448</ele><time>2023-07-15T13:34:38Z</time></trkpt><trkpt lat="38.746482" lon="-9.396423"><ele>129.560</ele><time>2023-07-15T13:34:40Z</time></trkpt><trkpt lat="38.746689" lon="-9.396740"><ele>129.059</ele><time>2023-07-15T13:34:40Z</time></trkpt><trkpt lat="38.746872" lon="-9.397027"><ele>128.103</ele><time>2023-07-15T13:34:41Z</time></trkpt><trkpt lat="38.747069" lon="-9.397229"><ele>127.623</ele><time>2023-07-15T13:34:42Z</time></trkpt><trkpt lat="38.747291" lon="-9.397326"><ele>126.809</ele><time>2023-07-15T13:34:43Z</time></trkpt><trkpt lat="38.747538" lon="-9.397321"><ele>125.716</ele><time>2023-07-15T13:34:44Z</time></trkpt><trkpt lat="38.747815" lon="-9.397246"><ele>124.479</ele><time>2023-07-15T13:34:45Z</time></trkpt><trkpt lat="38.748118" lon="-9.397134"><ele>123.535</ele><time>2023-07-15T13:34:46Z</time></trkpt><trkpt lat="38.748420" lon="-9.397016"><ele>122.440</ele><time>2023-07-15T13:34:47Z</time></trkpt><trkpt lat="38.748688" lon="-9.396906"><ele>121.423</ele><time>2023-07-15T13:34:49Z</time></trkpt><trkpt lat="38.748905" lon="-9.396796"><ele>120.943</ele><time>2023-07-15T13:34:50Z</time></trkpt><trkpt lat="38.749052" lon="-9.396646"><ele>120.261</ele><time>2023-07-15T13:34:51Z</time></trkpt><trkpt lat="38.749127" lon="-9.396454"><ele>119.967</ele><time>2023-07-15T13:34:52Z</time></trkpt><trkpt lat="38.749119" lon="-9.396256"><ele>120.129</ele><time>2023-07-15T13:34:53Z</time></trkpt><trkpt lat="38.749032" lon="-9.396084"><ele>121.184</ele><time>2023-07-15T13:34:54Z</time></trkpt><trkpt lat="38.748882" lon="-9.395972"><ele>122.507</ele><time>2023-07-15T13:34:55Z</time></trkpt><trkpt lat="38.748684" lon="-9.395935"><ele>123.817</ele><time>2023-07-15T13:34:55Z</time></trkpt><trkpt lat="38.748452" lon="-9.395978"><ele>125.009</ele><time>2023-07-15T13:34:57Z</time></trkpt><trkpt lat="38.748200" lon="-9.396078"><ele>126.259</ele><time>2023-07-15T13:34:58Z</time></trkpt><trkpt lat="38.747958" lon="-9.396186"><ele>127.632</ele><time>2023-07-15T13:34:59Z</time></trkpt><trkpt lat="38.747725" lon="-9.396263"><ele>128.968</ele><time>2023-07-15T13:35:00Z</time></trkpt><trkpt lat="38.747522" lon="-9.396278"><ele>130.183</ele><time>2023-07-15T13:35:01Z</time></trkpt><trkpt lat="38.747349" lon="-9.396201"><ele>131.216</ele><time>2023-07-15T13:35:02Z</time></trkpt><trkpt lat="38.747229" lon="-9.396043"><ele>131.986</ele><time>2023-07-15T13:35:03Z</time></trkpt><trkpt lat="38.747184" lon="-9.395835"><ele>132.274</ele><time>2023-07-15T13:35:04Z</time></trkpt><trkpt lat="38.747222" lon="-9.395612"><ele>132.590</ele><time>2023-07-15T13:35:05Z</time></trkpt><trkpt lat="38.747342" lon="-9.395427"><ele>132.812</ele><time>2023-07-15T13:35:06Z</time></trkpt><trkpt lat="38.747519" lon="-9.395325"><ele>133.282</ele><time>2023-07-15T13:35:07Z</time></trkpt><trkpt lat="38.747736" lon="-9.395283"><ele>133.943</ele><time>2023-07-15T13:35:07Z</time></trkpt><trkpt lat="38.747974" lon="-9.395221"><ele>133.917</ele><time>2023-07-15T13:35:09Z</time></trkpt><trkpt lat="38.748256" lon="-9.395144"><ele>133.909</ele><time>2023-07-15T13:35:10Z</time></trkpt><trkpt lat="38.748581" lon="-9.395066"><ele>134.349</ele><time>2023-07-15T13:35:11Z</time></trkpt><trkpt lat="38.748939" lon="-9.394993"><ele>134.572</ele><time>2023-07-15T13:35:11Z</time></trkpt><trkpt lat="38.749287" lon="-9.394895"><ele>134.348</ele><time>2023-07-15T13:35:13Z</time></trkpt><trkpt lat="38.749605" lon="-9.394727"><ele>134.783</ele><time>2023-07-15T13:35:13Z</time></trkpt><trkpt lat="38.749902" lon="-9.394489"><ele>134.976</ele><time>2023-07-15T13:35:14Z</time></trkpt><trkpt lat="38.750195" lon="-9.394187"><ele>135.336</ele><time>2023-07-15T13:35:16Z</time></trkpt><trkpt lat="38.750505" lon="-9.393855"><ele>135.764</ele><time>2023-07-15T13:35:16Z</time></trkpt><trkpt lat="38.750835" lon="-9.393507"><ele>136.050</ele><time>2023-07-15T13:35:18Z</time></trkpt><trkpt lat="38.751187" lon="-9.393147"><ele>136.262</ele><time>2023-07-15T13:35:18Z</time></trkpt><trkpt lat="38.751534" lon="-9.392792"><ele>136.422</ele><time>2023-07-15T13:35:19Z</time></trkpt><trkpt lat="38.751864" lon="-9.392452"><ele>136.462</ele><time>2023-07-15T13:35:20Z</time></trkpt><trkpt lat="38.752169" lon="-9.392139"><ele>136.208</ele><time>2023-07-15T13:35:21Z</time></trkpt><trkpt lat="38.752442" lon="-9.391859"><ele>136.209</ele><time>2023-07-15T13:35:22Z</time></trkpt><trkpt lat="38.752682" lon="-9.391619"><ele>136.123</ele><time>2023-07-15T13:35:24Z</time></trkpt><trkpt lat="38.752887" lon="-9.391452"><ele>136.146</ele><time>2023-07-15T13:35:24Z</time></trkpt><trkpt lat="38.753072" lon="-9.391372"><ele>135.812</ele><time>2023-07-15T13:35:26Z</time></trkpt><trkpt lat="38.753249" lon="-9.391380"><ele>135.537</ele><time>2023-07-15T13:35:27Z</time></trkpt><trkpt lat="38.753401" lon="-9.391490"><ele>135.780</ele><time>2023-07-15T13:35:28Z</time></trkpt><trkpt lat="38.753511" lon="-9.391682"><ele>136.390</ele><time>2023-07-15T13:35:29Z</time></trkpt><trkpt lat="38.753559" lon="-9.391934"><ele>136.898</ele><time>2023-07-15T13:35:29Z</time></trkpt><trkpt lat="38.753537" lon="-9.392217"><ele>137.494</ele><time>2023-07-15T13:35:30Z</time></trkpt><trkpt lat="38.753442" lon="-9.392497"><ele>138.176</ele><time>2023-07-15T13:35:31Z</time></trkpt><trkpt lat="38.753275" lon="-9.392760"><ele>138.896</ele><time>2023-07-15T13:35:32Z</time></trkpt><trkpt lat="38.753043" lon="-9.393018"><ele>139.531</ele><time>2023-07-15T13:35:33Z</time></trkpt><trkpt lat="38.752766" lon="-9.393288"><ele>139.524</ele><time>2023-07-15T13:35:34Z</time></trkpt><trkpt lat="38.752459" lon="-9.393583"><ele>138.809</ele><time>2023-07-15T13:35:35Z</time></trkpt><trkpt lat="38.752137" lon="-9.393895"><ele>137.680</ele><time>2023-07-15T13:35:37Z</time></trkpt><trkpt lat="38.751829" lon="-9.394200"><ele>136.063</ele><time>2023-07-15T13:35:37Z</time></trkpt><trkpt lat="38.751559" lon="-9.394470"><ele>134.179</ele><time>2023-07-15T13:35:39Z</time></trkpt><trkpt lat="38.751326" lon="-9.394707"><ele>132.434</ele><time>2023-07-15T13:35:39Z</time></trkpt><trkpt lat="38.751144" lon="-9.394932"><ele>131.627</ele><time>2023-07-15T13:35:40Z</time></trkpt><trkpt lat="38.751026" lon="-9.395189"><ele>130.247</ele><time>2023-07-15T13:35:42Z</time></trkpt><trkpt lat="38.750994" lon="-9.395454"><ele>129.095</ele><time>2023-07-15T13:35:42Z</time></trkpt><trkpt lat="38.751057" lon="-9.395691"><ele>127.861</ele><time>2023-07-15T13:35:44Z</time></trkpt><trkpt lat="38.751202" lon="-9.395878"><ele>126.613</ele><time>2023-07-15T13:35:44Z</time></trkpt><trkpt lat="38.751405" lon="-9.395998"><ele>125.886</ele><time>2023-07-15T13:35:45Z</time></trkpt><trkpt lat="38.751660" lon="-9.396063"><ele>125.760</ele><time>2023-07-15T13:35:46Z</time></trkpt><trkpt lat="38.751950" lon="-9.396111"><ele>126.126</ele><time>2023-07-15T13:35:47Z</time></trkpt><trkpt lat="38.752212" lon="-9.396146"><ele>126.409</ele><time>2023-07-15T13:35:48Z</time></trkpt><trkpt lat="38.752429" lon="-9.396121"><ele>127.039</ele><time>2023-07-15T13:35:49Z</time></trkpt><trkpt lat="38.752624" lon="-9.396021"><ele>127.652</ele><time>2023-07-15T13:35:51Z</time></trkpt><trkpt lat="38.752802" lon="-9.395839"><ele>128.518</ele><time>2023-07-15T13:35:51Z</time></trkpt><trkpt lat="38.752962" lon="-9.395594"><ele>129.873</ele><time>2023-07-15T13:35:52Z</time></trkpt><trkpt lat="38.753090" lon="-9.395366"><ele>131.366</ele><time>2023-07-15T13:35:53Z</time></trkpt><trkpt lat="38.753212" lon="-9.395213"><ele>132.686</ele><time>2023-07-15T13:35:55Z</time></trkpt><trkpt lat="38.753347" lon="-9.395158"><ele>133.654</ele><time>2023-07-15T13:35:55Z</time></trkpt><trkpt lat="38.753462" lon="-9.395198"><ele>134.150</ele><time>2023-07-15T13:35:57Z</time></trkpt><trkpt lat="38.753547" lon="-9.395301"><ele>134.382</ele><time>2023-07-15T13:35:58Z</time></trkpt><trkpt lat="38.753627" lon="-9.395429"><ele>135.537</ele><time>2023-07-15T13:35:58Z</time></trkpt><trkpt lat="38.753739" lon="-9.395486"><ele>136.349</ele><time>2023-07-15T13:36:00Z</time></trkpt><trkpt lat="38.753866" lon="-9.395449"><ele>136.913</ele><time>2023-07-15T13:36:00Z</time></trkpt><trkpt lat="38.753993" lon="-9.395314"><ele>138.909</ele><time>2023-07-15T13:36:01Z</time></trkpt><trkpt lat="38.754110" lon="-9.395099"><ele>140.244</ele><time>2023-07-15T13:36:02Z</time></trkpt><trkpt lat="38.754193" lon="-9.394802"><ele>141.037</ele><time>2023-07-15T13:36:04Z</time></trkpt><trkpt lat="38.754230" lon="-9.394439"><ele>141.953</ele><time>2023-07-15T13:36:04Z</time></trkpt><trkpt lat="38.754218" lon="-9.394054"><ele>142.128</ele><time>2023-07-15T13:36:05Z</time></trkpt><trkpt lat="38.754163" lon="-9.393707"><ele>142.441</ele><time>2023-07-15T13:36:06Z</time></trkpt><trkpt lat="38.754120" lon="-9.393422"><ele>142.581</ele><time>2023-07-15T13:36:07Z</time></trkpt><trkpt lat="38.754145" lon="-9.393177"><ele>142.719</ele><time>2023-07-15T13:36:08Z</time></trkpt><trkpt lat="38.754240" lon="-9.392972"><ele>143.065</ele><time>2023-07-15T13:36:09Z</time></trkpt><trkpt lat="38.754395" lon="-9.392819"><ele>143.197</ele><time>2023-07-15T13:36:10Z</time></trkpt><trkpt lat="38.754605" lon="-9.392707"><ele>143.489</ele><time>2023-07-15T13:36:12Z</time></trkpt><trkpt lat="38.754828" lon="-9.392569"><ele>144.106</ele><time>2023-07-15T13:36:13Z</time></trkpt><trkpt lat="38.755025" lon="-9.392372"><ele>144.826</ele><time>2023-07-15T13:36:13Z</time></trkpt><trkpt lat="38.755185" lon="-9.392117"><ele>145.209</ele><time>2023-07-15T13:36:14Z</time></trkpt><trkpt lat="38.755287" lon="-9.391807"><ele>145.319</ele><time>2023-07-15T13:36:15Z</time></trkpt><trkpt lat="38.755315" lon="-9.391467"><ele>145.452</ele><time>2023-07-15T13:36:16Z</time></trkpt><trkpt lat="38.755260" lon="-9.391120"><ele>145.748</ele><time>2023-07-15T13:36:18Z</time></trkpt><trkpt lat="38.755127" lon="-9.390800"><ele>146.013</ele><time>2023-07-15T13:36:18Z</time></trkpt><trkpt lat="38.754927" lon="-9.390527"><ele>146.286</ele><time>2023-07-15T13:36:19Z</time></trkpt><trkpt lat="38.754382" lon="-9.390222"><ele>146.416</ele><time>2023-07-15T13:36:21Z</time></trkpt><trkpt lat="38.754072" lon="-9.390209"><ele>146.474</ele><time>2023-07-15T13:36:22Z</time></trkpt><trkpt lat="38.753757" lon="-9.390296"><ele>146.330</ele><time>2023-07-15T13:36:24Z</time></trkpt><trkpt lat="38.753434" lon="-9.390464"><ele>146.212</ele><time>2023-07-15T13:36:25Z</time></trkpt><trkpt lat="38.753084" lon="-9.390672"><ele>146.069</ele><time>2023-07-15T13:36:25Z</time></trkpt><trkpt lat="38.752699" lon="-9.390900"><ele>145.804</ele><time>2023-07-15T13:36:27Z</time></trkpt><trkpt lat="38.752284" lon="-9.391145"><ele>145.424</ele><time>2023-07-15T13:36:27Z</time></trkpt><trkpt lat="38.751839" lon="-9.391402"><ele>145.009</ele><time>2023-07-15T13:36:28Z</time></trkpt><trkpt lat="38.751369" lon="-9.391674"><ele>144.527</ele><time>2023-07-15T13:36:29Z</time></trkpt><trkpt lat="38.750877" lon="-9.391959"><ele>144.040</ele><time>2023-07-15T13:36:30Z</time></trkpt><trkpt lat="38.750367" lon="-9.392256"><ele>143.486</ele><time>2023-07-15T13:36:31Z</time></trkpt><trkpt lat="38.749835" lon="-9.392564"><ele>142.941</ele><time>2023-07-15T13:36:32Z</time></trkpt><trkpt lat="38.749293" lon="-9.392881"><ele>142.364</ele><time>2023-07-15T13:36:33Z</time></trkpt><trkpt lat="38.748748" lon="-9.393194"><ele>141.684</ele><time>2023-07-15T13:36:34Z</time></trkpt><trkpt lat="38.748218" lon="-9.393499"><ele>141.092</ele><time>2023-07-15T13:36:35Z</time></trkpt><trkpt lat="38.747721" lon="-9.393786"><ele>140.028</ele><time>2023-07-15T13:36:36Z</time></trkpt><trkpt lat="38.747266" lon="-9.394049"><ele>138.730</ele><time>2023-07-15T13:36:37Z</time></trkpt><trkpt lat="38.746868" lon="-9.394277"><ele>137.444</ele><time>2023-07-15T13:36:38Z</time></trkpt><trkpt lat="38.746523" lon="-9.394472"><ele>135.905</ele><time>2023-07-15T13:36:39Z</time></trkpt><trkpt lat="38.746236" lon="-9.394635"><ele>134.615</ele><time>2023-07-15T13:36:40Z</time></trkpt><trkpt lat="38.745993" lon="-9.394773"><ele>134.109</ele><time>2023-07-15T13:36:41Z</time></trkpt><trkpt lat="38.745791" lon="-9.394920"><ele>133.325</ele><time>2023-07-15T13:36:42Z</time></trkpt><trkpt lat="38.745661" lon="-9.395117"><ele>132.718</ele><time>2023-07-15T13:36:44Z</time></trkpt><trkpt lat="38.745694" lon="-9.395532"><ele>130.874</ele><time>2023-07-15T13:36:46Z</time></trkpt><trkpt lat="38.745837" lon="-9.395692"><ele>130.929</ele><time>2023-07-15T13:36:46Z</time></trkpt><trkpt lat="38.746027" lon="-9.395860"><ele>131.122</ele><time>2023-07-15T13:36:47Z</time></trkpt><trkpt lat="38.746237" lon="-9.396090"><ele>131.472</ele><time>2023-07-15T13:36:48Z</time></trkpt><trkpt lat="38.746459" lon="-9.396390"><ele>131.740</ele><time>2023-07-15T13:36:49Z</time></trkpt><trkpt lat="38.746671" lon="-9.396713"><ele>131.346</ele><time>2023-07-15T13:36:50Z</time></trkpt><trkpt lat="38.746856" lon="-9.397005"><ele>130.338</ele><time>2023-07-15T13:36:51Z</time></trkpt><trkpt lat="38.747049" lon="-9.397215"><ele>129.731</ele><time>2023-07-15T13:36:52Z</time></trkpt><trkpt lat="38.747277" lon="-9.397318"><ele>128.561</ele><time>2023-07-15T13:36:54Z</time></trkpt><trkpt lat="38.747530" lon="-9.397320"><ele>127.207</ele><time>2023-07-15T13:36:54Z</time></trkpt><trkpt lat="38.747822" lon="-9.397242"><ele>126.109</ele><time>2023-07-15T13:36:55Z</time></trkpt><trkpt lat="38.748145" lon="-9.397130"><ele>125.054</ele><time>2023-07-15T13:36:56Z</time></trkpt><trkpt lat="38.748467" lon="-9.397007"><ele>123.987</ele><time>2023-07-15T13:36:57Z</time></trkpt><trkpt lat="38.748739" lon="-9.396894"><ele>122.773</ele><time>2023-07-15T13:36:58Z</time></trkpt><trkpt lat="38.748946" lon="-9.396774"><ele>122.118</ele><time>2023-07-15T13:36:59Z</time></trkpt><trkpt lat="38.749083" lon="-9.396604"><ele>121.431</ele><time>2023-07-15T13:37:00Z</time></trkpt><trkpt lat="38.749131" lon="-9.396401"><ele>121.121</ele><time>2023-07-15T13:37:02Z</time></trkpt><trkpt lat="38.749101" lon="-9.396199"><ele>121.489</ele><time>2023-07-15T13:37:02Z</time></trkpt><trkpt lat="38.748991" lon="-9.396029"><ele>122.625</ele><time>2023-07-15T13:37:04Z</time></trkpt><trkpt lat="38.748818" lon="-9.395927"><ele>124.137</ele><time>2023-07-15T13:37:04Z</time></trkpt><trkpt lat="38.748623" lon="-9.395924"><ele>125.515</ele><time>2023-07-15T13:37:05Z</time></trkpt><trkpt lat="38.748401" lon="-9.395992"><ele>126.465</ele><time>2023-07-15T13:37:06Z</time></trkpt><trkpt lat="38.748146" lon="-9.396102"><ele>127.411</ele><time>2023-07-15T13:37:07Z</time></trkpt><trkpt lat="38.747886" lon="-9.396214"><ele>129.609</ele><time>2023-07-15T13:37:08Z</time></trkpt><trkpt lat="38.747658" lon="-9.396272"><ele>130.272</ele><time>2023-07-15T13:37:09Z</time></trkpt><trkpt lat="38.747460" lon="-9.396250"><ele>131.275</ele><time>2023-07-15T13:37:10Z</time></trkpt><trkpt lat="38.747290" lon="-9.396143"><ele>132.291</ele><time>2023-07-15T13:37:12Z</time></trkpt><trkpt lat="38.747193" lon="-9.395966"><ele>132.916</ele><time>2023-07-15T13:37:13Z</time></trkpt><trkpt lat="38.747183" lon="-9.395759"><ele>133.249</ele><time>2023-07-15T13:37:13Z</time></trkpt><trkpt lat="38.747251" lon="-9.395557"><ele>133.449</ele><time>2023-07-15T13:37:14Z</time></trkpt><trkpt lat="38.747394" lon="-9.395400"><ele>133.727</ele><time>2023-07-15T13:37:15Z</time></trkpt><trkpt lat="38.747602" lon="-9.395298"><ele>134.183</ele><time>2023-07-15T13:37:16Z</time></trkpt><trkpt lat="38.747864" lon="-9.395228"><ele>134.575</ele><time>2023-07-15T13:37:18Z</time></trkpt><trkpt lat="38.748171" lon="-9.395165"><ele>135.089</ele><time>2023-07-15T13:37:18Z</time></trkpt><trkpt lat="38.748514" lon="-9.395095"><ele>135.306</ele><time>2023-07-15T13:37:19Z</time></trkpt><trkpt lat="38.748886" lon="-9.395013"><ele>135.626</ele><time>2023-07-15T13:37:20Z</time></trkpt><trkpt lat="38.749256" lon="-9.394905"><ele>135.509</ele><time>2023-07-15T13:37:22Z</time></trkpt><trkpt lat="38.749609" lon="-9.394723"><ele>135.969</ele><time>2023-07-15T13:37:22Z</time></trkpt><trkpt lat="38.749947" lon="-9.394448"><ele>136.242</ele><time>2023-07-15T13:37:23Z</time></trkpt><trkpt lat="38.750279" lon="-9.394103"><ele>136.688</ele><time>2023-07-15T13:37:24Z</time></trkpt><trkpt lat="38.750627" lon="-9.393726"><ele>136.893</ele><time>2023-07-15T13:37:25Z</time></trkpt><trkpt lat="38.750997" lon="-9.393338"><ele>137.226</ele><time>2023-07-15T13:37:27Z</time></trkpt><trkpt lat="38.751364" lon="-9.392958"><ele>137.416</ele><time>2023-07-15T13:37:27Z</time></trkpt><trkpt lat="38.751729" lon="-9.392581"><ele>137.524</ele><time>2023-07-15T13:37:28Z</time></trkpt><trkpt lat="38.752077" lon="-9.392219"><ele>137.580</ele><time>2023-07-15T13:37:30Z</time></trkpt><trkpt lat="38.752387" lon="-9.391902"><ele>137.422</ele><time>2023-07-15T13:37:31Z</time></trkpt><trkpt lat="38.752649" lon="-9.391639"><ele>137.359</ele><time>2023-07-15T13:37:32Z</time></trkpt><trkpt lat="38.752856" lon="-9.391446"><ele>137.203</ele><time>2023-07-15T13:37:33Z</time></trkpt><trkpt lat="38.753028" lon="-9.391346"><ele>137.123</ele><time>2023-07-15T13:37:33Z</time></trkpt><trkpt lat="38.753195" lon="-9.391344"><ele>136.809</ele><time>2023-07-15T13:37:34Z</time></trkpt><trkpt lat="38.753357" lon="-9.391446"><ele>136.826</ele><time>2023-07-15T13:37:36Z</time></trkpt><trkpt lat="38.753487" lon="-9.391643"><ele>137.299</ele><time>2023-07-15T13:37:36Z</time></trkpt><trkpt lat="38.753550" lon="-9.391908"><ele>137.895</ele><time>2023-07-15T13:37:37Z</time></trkpt><trkpt lat="38.753535" lon="-9.392206"><ele>138.410</ele><time>2023-07-15T13:37:38Z</time></trkpt><trkpt lat="38.753438" lon="-9.392506"><ele>139.183</ele><time>2023-07-15T13:37:40Z</time></trkpt><trkpt lat="38.753258" lon="-9.392796"><ele>140.353</ele><time>2023-07-15T13:37:40Z</time></trkpt><trkpt lat="38.753008" lon="-9.393073"><ele>140.731</ele><time>2023-07-15T13:37:41Z</time></trkpt><trkpt lat="38.752716" lon="-9.393361"><ele>140.547</ele><time>2023-07-15T13:37:42Z</time></trkpt><trkpt lat="38.752388" lon="-9.393663"><ele>139.739</ele><time>2023-07-15T13:37:43Z</time></trkpt><trkpt lat="38.752041" lon="-9.393990"><ele>138.438</ele><time>2023-07-15T13:37:44Z</time></trkpt><trkpt lat="38.751718" lon="-9.394310"><ele>136.770</ele><time>2023-07-15T13:37:45Z</time></trkpt><trkpt lat="38.751445" lon="-9.394587"><ele>134.617</ele><time>2023-07-15T13:37:47Z</time></trkpt><trkpt lat="38.751227" lon="-9.394805"><ele>132.609</ele><time>2023-07-15T13:37:47Z</time></trkpt><trkpt lat="38.751077" lon="-9.395018"><ele>131.874</ele><time>2023-07-15T13:37:48Z</time></trkpt><trkpt lat="38.751000" lon="-9.395251"><ele>130.487</ele><time>2023-07-15T13:37:50Z</time></trkpt><trkpt lat="38.751002" lon="-9.395496"><ele>129.223</ele><time>2023-07-15T13:37:51Z</time></trkpt><trkpt lat="38.751090" lon="-9.395723"><ele>128.168</ele><time>2023-07-15T13:37:51Z</time></trkpt><trkpt lat="38.751258" lon="-9.395896"><ele>127.041</ele><time>2023-07-15T13:37:52Z</time></trkpt><trkpt lat="38.751485" lon="-9.396006"><ele>126.331</ele><time>2023-07-15T13:37:53Z</time></trkpt><trkpt lat="38.751758" lon="-9.396069"><ele>126.389</ele><time>2023-07-15T13:37:54Z</time></trkpt><trkpt lat="38.752040" lon="-9.396116"><ele>126.615</ele><time>2023-07-15T13:37:55Z</time></trkpt><trkpt lat="38.752297" lon="-9.396143"><ele>126.977</ele><time>2023-07-15T13:37:56Z</time></trkpt><trkpt lat="38.752534" lon="-9.396080"><ele>127.742</ele><time>2023-07-15T13:37:57Z</time></trkpt><trkpt lat="38.752746" lon="-9.395913"><ele>128.722</ele><time>2023-07-15T13:37:58Z</time></trkpt><trkpt lat="38.752923" lon="-9.395671"><ele>129.914</ele><time>2023-07-15T13:38:00Z</time></trkpt><trkpt lat="38.753053" lon="-9.395439"><ele>131.309</ele><time>2023-07-15T13:38:01Z</time></trkpt><trkpt lat="38.753155" lon="-9.395262"><ele>132.635</ele><time>2023-07-15T13:38:01Z</time></trkpt><trkpt lat="38.753270" lon="-9.395160"><ele>133.818</ele><time>2023-07-15T13:38:02Z</time></trkpt><trkpt lat="38.753390" lon="-9.395155"><ele>134.494</ele><time>2023-07-15T13:38:03Z</time></trkpt><trkpt lat="38.753492" lon="-9.395225"><ele>134.899</ele><time>2023-07-15T13:38:04Z</time></trkpt><trkpt lat="38.753570" lon="-9.395350"><ele>135.252</ele><time>2023-07-15T13:38:05Z</time></trkpt><trkpt lat="38.753677" lon="-9.395465"><ele>136.442</ele><time>2023-07-15T13:38:06Z</time></trkpt><trkpt lat="38.753810" lon="-9.395482"><ele>137.870</ele><time>2023-07-15T13:38:08Z</time></trkpt><trkpt lat="38.753943" lon="-9.395397"><ele>138.766</ele><time>2023-07-15T13:38:09Z</time></trkpt><trkpt lat="38.754071" lon="-9.395220"><ele>140.118</ele><time>2023-07-15T13:38:09Z</time></trkpt><trkpt lat="38.754169" lon="-9.394965"><ele>141.467</ele><time>2023-07-15T13:38:10Z</time></trkpt><trkpt lat="38.754232" lon="-9.394635"><ele>142.281</ele><time>2023-07-15T13:38:12Z</time></trkpt><trkpt lat="38.754245" lon="-9.394252"><ele>143.019</ele><time>2023-07-15T13:38:12Z</time></trkpt><trkpt lat="38.754207" lon="-9.393889"><ele>143.109</ele><time>2023-07-15T13:38:13Z</time></trkpt><trkpt lat="38.754142" lon="-9.393607"><ele>143.127</ele><time>2023-07-15T13:38:14Z</time></trkpt><trkpt lat="38.754105" lon="-9.393370"><ele>143.270</ele><time>2023-07-15T13:38:15Z</time></trkpt><trkpt lat="38.754140" lon="-9.393140"><ele>143.366</ele><time>2023-07-15T13:38:16Z</time></trkpt><trkpt lat="38.754250" lon="-9.392952"><ele>143.631</ele><time>2023-07-15T13:38:17Z</time></trkpt><trkpt lat="38.754405" lon="-9.392822"><ele>143.944</ele><time>2023-07-15T13:38:18Z</time></trkpt><trkpt lat="38.754602" lon="-9.392722"><ele>144.284</ele><time>2023-07-15T13:38:19Z</time></trkpt><trkpt lat="38.754819" lon="-9.392594"><ele>144.822</ele><time>2023-07-15T13:38:20Z</time></trkpt><trkpt lat="38.755029" lon="-9.392391"><ele>145.628</ele><time>2023-07-15T13:38:21Z</time></trkpt><trkpt lat="38.755197" lon="-9.392111"><ele>146.230</ele><time>2023-07-15T13:38:22Z</time></trkpt><trkpt lat="38.755300" lon="-9.391771"><ele>146.443</ele><time>2023-07-15T13:38:23Z</time></trkpt><trkpt lat="38.755318" lon="-9.391408"><ele>146.664</ele><time>2023-07-15T13:38:24Z</time></trkpt><trkpt lat="38.755248" lon="-9.391055"><ele>146.810</ele><time>2023-07-15T13:38:25Z</time></trkpt><trkpt lat="38.755093" lon="-9.390730"><ele>147.109</ele><time>2023-07-15T13:38:26Z</time></trkpt><trkpt lat="38.754866" lon="-9.390462"><ele>147.525</ele><time>2023-07-15T13:38:27Z</time></trkpt><trkpt lat="38.754591" lon="-9.390284"><ele>147.768</ele><time>2023-07-15T13:38:29Z</time></trkpt><trkpt lat="38.754284" lon="-9.390206"><ele>147.754</ele><time>2023-07-15T13:38:30Z</time></trkpt><trkpt lat="38.753957" lon="-9.390231"><ele>147.739</ele><time>2023-07-15T13:38:30Z</time></trkpt><trkpt lat="38.753625" lon="-9.390358"><ele>147.622</ele><time>2023-07-15T13:38:31Z</time></trkpt><trkpt lat="38.753275" lon="-9.390550"><ele>147.452</ele><time>2023-07-15T13:38:32Z</time></trkpt><trkpt lat="38.752895" lon="-9.390773"><ele>147.160</ele><time>2023-07-15T13:38:33Z</time></trkpt><trkpt lat="38.752483" lon="-9.391013"><ele>147.196</ele><time>2023-07-15T13:38:34Z</time></trkpt><trkpt lat="38.752045" lon="-9.391270"><ele>146.758</ele><time>2023-07-15T13:38:35Z</time></trkpt><trkpt lat="38.751578" lon="-9.391542"><ele>146.213</ele><time>2023-07-15T13:38:36Z</time></trkpt><trkpt lat="38.751090" lon="-9.391825"><ele>145.643</ele><time>2023-07-15T13:38:37Z</time></trkpt><trkpt lat="38.750585" lon="-9.392117"><ele>145.007</ele><time>2023-07-15T13:38:39Z</time></trkpt><trkpt lat="38.750068" lon="-9.392417"><ele>144.409</ele><time>2023-07-15T13:38:39Z</time></trkpt><trkpt lat="38.749543" lon="-9.392724"><ele>143.922</ele><time>2023-07-15T13:38:40Z</time></trkpt><trkpt lat="38.749006" lon="-9.393036"><ele>143.275</ele><time>2023-07-15T13:38:41Z</time></trkpt><trkpt lat="38.748464" lon="-9.393349"><ele>142.481</ele><time>2023-07-15T13:38:42Z</time></trkpt><trkpt lat="38.747932" lon="-9.393657"><ele>141.566</ele><time>2023-07-15T13:38:43Z</time></trkpt><trkpt lat="38.747445" lon="-9.393939"><ele>140.349</ele><time>2023-07-15T13:38:44Z</time></trkpt><trkpt lat="38.747028" lon="-9.394179"><ele>138.249</ele><time>2023-07-15T13:38:45Z</time></trkpt><trkpt lat="38.746665" lon="-9.394384"><ele>136.217</ele><time>2023-07-15T13:38:46Z</time></trkpt><trkpt lat="38.746330" lon="-9.394571"><ele>134.643</ele><time>2023-07-15T13:38:48Z</time></trkpt><trkpt lat="38.746047" lon="-9.394731"><ele>133.395</ele><time>2023-07-15T13:38:48Z</time></trkpt><trkpt lat="38.745830" lon="-9.394876"><ele>132.815</ele><time>2023-07-15T13:38:49Z</time></trkpt><trkpt lat="38.745687" lon="-9.395059"><ele>132.065</ele><time>2023-07-15T13:38:50Z</time></trkpt><trkpt lat="38.745635" lon="-9.395269"><ele>131.311</ele><time>2023-07-15T13:38:51Z</time></trkpt><trkpt lat="38.745682" lon="-9.395477"><ele>130.509</ele><time>2023-07-15T13:38:52Z</time></trkpt><trkpt lat="38.745812" lon="-9.395659"><ele>130.332</ele><time>2023-07-15T13:38:53Z</time></trkpt><trkpt lat="38.746005" lon="-9.395837"><ele>130.715</ele><time>2023-07-15T13:38:54Z</time></trkpt><trkpt lat="38.746222" lon="-9.396069"><ele>130.851</ele><time>2023-07-15T13:38:55Z</time></trkpt><trkpt lat="38.746450" lon="-9.396364"><ele>131.186</ele><time>2023-07-15T13:38:56Z</time></trkpt><trkpt lat="38.746670" lon="-9.396706"><ele>130.899</ele><time>2023-07-15T13:38:57Z</time></trkpt><trkpt lat="38.746880" lon="-9.397024"><ele>129.859</ele><time>2023-07-15T13:38:59Z</time></trkpt><trkpt lat="38.747105" lon="-9.397239"><ele>128.787</ele><time>2023-07-15T13:38:59Z</time></trkpt><trkpt lat="38.747350" lon="-9.397336"><ele>128.253</ele><time>2023-07-15T13:39:00Z</time></trkpt><trkpt lat="38.747612" lon="-9.397326"><ele>126.915</ele><time>2023-07-15T13:39:01Z</time></trkpt><trkpt lat="38.747895" lon="-9.397234"><ele>125.826</ele><time>2023-07-15T13:39:02Z</time></trkpt><trkpt lat="38.748208" lon="-9.397107"><ele>124.647</ele><time>2023-07-15T13:39:03Z</time></trkpt><trkpt lat="38.748520" lon="-9.396982"><ele>123.511</ele><time>2023-07-15T13:39:04Z</time></trkpt><trkpt lat="38.748782" lon="-9.396867"><ele>122.409</ele><time>2023-07-15T13:39:05Z</time></trkpt><trkpt lat="38.748989" lon="-9.396732"><ele>121.973</ele><time>2023-07-15T13:39:06Z</time></trkpt><trkpt lat="38.749116" lon="-9.396537"><ele>121.426</ele><time>2023-07-15T13:39:07Z</time></trkpt><trkpt lat="38.749141" lon="-9.396315"><ele>121.422</ele><time>2023-07-15T13:39:09Z</time></trkpt><trkpt lat="38.749083" lon="-9.396108"><ele>122.047</ele><time>2023-07-15T13:39:09Z</time></trkpt><trkpt lat="38.748951" lon="-9.395955"><ele>123.320</ele><time>2023-07-15T13:39:10Z</time></trkpt><trkpt lat="38.748783" lon="-9.395897"><ele>124.740</ele><time>2023-07-15T13:39:11Z</time></trkpt><trkpt lat="38.748585" lon="-9.395925"><ele>125.938</ele><time>2023-07-15T13:39:12Z</time></trkpt><trkpt lat="38.748350" lon="-9.396010"><ele>126.944</ele><time>2023-07-15T13:39:13Z</time></trkpt><trkpt lat="38.748090" lon="-9.396127"><ele>128.886</ele><time>2023-07-15T13:39:14Z</time></trkpt><trkpt lat="38.747835" lon="-9.396229"><ele>129.675</ele><time>2023-07-15T13:39:15Z</time></trkpt><trkpt lat="38.747610" lon="-9.396281"><ele>131.028</ele><time>2023-07-15T13:39:17Z</time></trkpt><trkpt lat="38.747412" lon="-9.396254"><ele>132.120</ele><time>2023-07-15T13:39:18Z</time></trkpt><trkpt lat="38.747262" lon="-9.396137"><ele>132.909</ele><time>2023-07-15T13:39:18Z</time></trkpt><trkpt lat="38.747187" lon="-9.395954"><ele>133.418</ele><time>2023-07-15T13:39:19Z</time></trkpt><trkpt lat="38.747185" lon="-9.395736"><ele>133.621</ele><time>2023-07-15T13:39:21Z</time></trkpt><trkpt lat="38.747260" lon="-9.395529"><ele>133.827</ele><time>2023-07-15T13:39:21Z</time></trkpt><trkpt lat="38.747403" lon="-9.395387"><ele>134.112</ele><time>2023-07-15T13:39:22Z</time></trkpt><trkpt lat="38.747611" lon="-9.395292"><ele>134.455</ele><time>2023-07-15T13:39:23Z</time></trkpt><trkpt lat="38.747866" lon="-9.395217"><ele>134.745</ele><time>2023-07-15T13:39:24Z</time></trkpt><trkpt lat="38.748168" lon="-9.395152"><ele>135.023</ele><time>2023-07-15T13:39:25Z</time></trkpt><trkpt lat="38.748513" lon="-9.395089"><ele>135.359</ele><time>2023-07-15T13:39:27Z</time></trkpt><trkpt lat="38.748888" lon="-9.395014"><ele>135.541</ele><time>2023-07-15T13:39:27Z</time></trkpt><trkpt lat="38.749273" lon="-9.394897"><ele>135.499</ele><time>2023-07-15T13:39:28Z</time></trkpt><trkpt lat="38.749648" lon="-9.394695"><ele>135.607</ele><time>2023-07-15T13:39:29Z</time></trkpt><trkpt lat="38.750003" lon="-9.394405"><ele>135.927</ele><time>2023-07-15T13:39:30Z</time></trkpt><trkpt lat="38.750353" lon="-9.394055"><ele>136.309</ele><time>2023-07-15T13:39:31Z</time></trkpt><trkpt lat="38.750711" lon="-9.393673"><ele>136.690</ele><time>2023-07-15T13:39:32Z</time></trkpt><trkpt lat="38.751084" lon="-9.393273"><ele>136.993</ele><time>2023-07-15T13:39:33Z</time></trkpt><trkpt lat="38.751446" lon="-9.392885"><ele>137.289</ele><time>2023-07-15T13:39:34Z</time></trkpt><trkpt lat="38.751781" lon="-9.392532"><ele>137.134</ele><time>2023-07-15T13:39:36Z</time></trkpt><trkpt lat="38.752089" lon="-9.392214"><ele>137.127</ele><time>2023-07-15T13:39:37Z</time></trkpt><trkpt lat="38.752369" lon="-9.391929"><ele>137.057</ele><time>2023-07-15T13:39:37Z</time></trkpt><trkpt lat="38.752596" lon="-9.391697"><ele>137.075</ele><time>2023-07-15T13:39:38Z</time></trkpt><trkpt lat="38.752783" lon="-9.391514"><ele>137.071</ele><time>2023-07-15T13:39:39Z</time></trkpt><trkpt lat="38.752945" lon="-9.391376"><ele>136.993</ele><time>2023-07-15T13:39:40Z</time></trkpt><trkpt lat="38.753102" lon="-9.391319"><ele>136.866</ele><time>2023-07-15T13:39:41Z</time></trkpt><trkpt lat="38.753262" lon="-9.391359"><ele>136.829</ele><time>2023-07-15T13:39:42Z</time></trkpt><trkpt lat="38.753404" lon="-9.391491"><ele>137.021</ele><time>2023-07-15T13:39:43Z</time></trkpt><trkpt lat="38.753509" lon="-9.391699"><ele>137.309</ele><time>2023-07-15T13:39:44Z</time></trkpt><trkpt lat="38.753556" lon="-9.391957"><ele>137.767</ele><time>2023-07-15T13:39:46Z</time></trkpt><trkpt lat="38.753533" lon="-9.392239"><ele>138.290</ele><time>2023-07-15T13:39:47Z</time></trkpt><trkpt lat="38.753436" lon="-9.392509"><ele>138.996</ele><time>2023-07-15T13:39:48Z</time></trkpt><trkpt lat="38.753269" lon="-9.392757"><ele>139.531</ele><time>2023-07-15T13:39:48Z</time></trkpt><trkpt lat="38.753051" lon="-9.392989"><ele>140.114</ele><time>2023-07-15T13:39:49Z</time></trkpt><trkpt lat="38.752798" lon="-9.393227"><ele>140.124</ele><time>2023-07-15T13:39:50Z</time></trkpt><trkpt lat="38.752515" lon="-9.393499"><ele>139.652</ele><time>2023-07-15T13:39:51Z</time></trkpt><trkpt lat="38.752210" lon="-9.393814"><ele>138.668</ele><time>2023-07-15T13:39:52Z</time></trkpt><trkpt lat="38.751885" lon="-9.394152"><ele>137.390</ele><time>2023-07-15T13:39:54Z</time></trkpt><trkpt lat="38.751582" lon="-9.394462"><ele>135.685</ele><time>2023-07-15T13:39:54Z</time></trkpt><trkpt lat="38.751339" lon="-9.394707"><ele>133.589</ele><time>2023-07-15T13:39:56Z</time></trkpt><trkpt lat="38.751161" lon="-9.394909"><ele>132.617</ele><time>2023-07-15T13:39:56Z</time></trkpt><trkpt lat="38.751044" lon="-9.395127"><ele>131.009</ele><time>2023-07-15T13:39:57Z</time></trkpt><trkpt lat="38.751001" lon="-9.395370"><ele>129.949</ele><time>2023-07-15T13:39:58Z</time></trkpt><trkpt lat="38.751038" lon="-9.395617"><ele>128.962</ele><time>2023-07-15T13:39:59Z</time></trkpt><trkpt lat="38.751160" lon="-9.395825"><ele>127.648</ele><time>2023-07-15T13:40:00Z</time></trkpt><trkpt lat="38.751350" lon="-9.395968"><ele>126.653</ele><time>2023-07-15T13:40:01Z</time></trkpt><trkpt lat="38.751592" lon="-9.396045"><ele>126.366</ele><time>2023-07-15T13:40:02Z</time></trkpt><trkpt lat="38.751874" lon="-9.396095"><ele>126.646</ele><time>2023-07-15T13:40:03Z</time></trkpt><trkpt lat="38.752151" lon="-9.396138"><ele>127.114</ele><time>2023-07-15T13:40:04Z</time></trkpt><trkpt lat="38.752413" lon="-9.396118"><ele>127.550</ele><time>2023-07-15T13:40:06Z</time></trkpt><trkpt lat="38.752661" lon="-9.396006"><ele>128.442</ele><time>2023-07-15T13:40:06Z</time></trkpt><trkpt lat="38.752881" lon="-9.395799"><ele>130.458</ele><time>2023-07-15T13:40:07Z</time></trkpt><trkpt lat="38.753044" lon="-9.395529"><ele>131.252</ele><time>2023-07-15T13:40:08Z</time></trkpt><trkpt lat="38.753167" lon="-9.395309"><ele>132.717</ele><time>2023-07-15T13:40:09Z</time></trkpt><trkpt lat="38.753285" lon="-9.395186"><ele>134.009</ele><time>2023-07-15T13:40:10Z</time></trkpt><trkpt lat="38.753408" lon="-9.395159"><ele>135.016</ele><time>2023-07-15T13:40:11Z</time></trkpt><trkpt lat="38.753501" lon="-9.395226"><ele>135.379</ele><time>2023-07-15T13:40:12Z</time></trkpt><trkpt lat="38.753569" lon="-9.395354"><ele>135.835</ele><time>2023-07-15T13:40:13Z</time></trkpt><trkpt lat="38.753667" lon="-9.395466"><ele>136.880</ele><time>2023-07-15T13:40:14Z</time></trkpt><trkpt lat="38.753799" lon="-9.395486"><ele>137.653</ele><time>2023-07-15T13:40:16Z</time></trkpt><trkpt lat="38.753926" lon="-9.395403"><ele>138.723</ele><time>2023-07-15T13:40:16Z</time></trkpt><trkpt lat="38.754034" lon="-9.395230"><ele>140.061</ele><time>2023-07-15T13:40:17Z</time></trkpt><trkpt lat="38.754132" lon="-9.394972"><ele>141.267</ele><time>2023-07-15T13:40:18Z</time></trkpt><trkpt lat="38.754217" lon="-9.394647"><ele>142.049</ele><time>2023-07-15T13:40:19Z</time></trkpt><trkpt lat="38.754245" lon="-9.394270"><ele>142.835</ele><time>2023-07-15T13:40:20Z</time></trkpt><trkpt lat="38.754205" lon="-9.393898"><ele>143.086</ele><time>2023-07-15T13:40:21Z</time></trkpt><trkpt lat="38.754137" lon="-9.393586"><ele>143.114</ele><time>2023-07-15T13:40:22Z</time></trkpt><trkpt lat="38.754114" lon="-9.393339"><ele>143.409</ele><time>2023-07-15T13:40:24Z</time></trkpt><trkpt lat="38.754159" lon="-9.393121"><ele>143.724</ele><time>2023-07-15T13:40:25Z</time></trkpt><trkpt lat="38.754267" lon="-9.392939"><ele>143.857</ele><time>2023-07-15T13:40:25Z</time></trkpt><trkpt lat="38.754434" lon="-9.392814"><ele>143.913</ele><time>2023-07-15T13:40:26Z</time></trkpt><trkpt lat="38.754642" lon="-9.392717"><ele>144.288</ele><time>2023-07-15T13:40:27Z</time></trkpt><trkpt lat="38.754865" lon="-9.392579"><ele>144.871</ele><time>2023-07-15T13:40:28Z</time></trkpt><trkpt lat="38.755068" lon="-9.392357"><ele>145.591</ele><time>2023-07-15T13:40:30Z</time></trkpt><trkpt lat="38.755225" lon="-9.392059"><ele>145.929</ele><time>2023-07-15T13:40:30Z</time></trkpt><trkpt lat="38.755313" lon="-9.391709"><ele>146.295</ele><time>2023-07-15T13:40:31Z</time></trkpt><trkpt lat="38.755313" lon="-9.391341"><ele>146.477</ele><time>2023-07-15T13:40:32Z</time></trkpt><trkpt lat="38.755230" lon="-9.390984"><ele>146.996</ele><time>2023-07-15T13:40:33Z</time></trkpt><trkpt lat="38.755067" lon="-9.390671"><ele>147.231</ele><time>2023-07-15T13:40:34Z</time></trkpt><trkpt lat="38.754837" lon="-9.390423"><ele>147.524</ele><time>2023-07-15T13:40:35Z</time></trkpt><trkpt lat="38.754557" lon="-9.390256"><ele>147.709</ele><time>2023-07-15T13:40:36Z</time></trkpt><trkpt lat="38.754250" lon="-9.390188"><ele>147.710</ele><time>2023-07-15T13:40:37Z</time></trkpt><trkpt lat="38.753937" lon="-9.390221"><ele>147.693</ele><time>2023-07-15T13:40:38Z</time></trkpt><trkpt lat="38.753620" lon="-9.390351"><ele>147.479</ele><time>2023-07-15T13:40:39Z</time></trkpt><trkpt lat="38.753292" lon="-9.390549"><ele>147.394</ele><time>2023-07-15T13:40:40Z</time></trkpt><trkpt lat="38.752929" lon="-9.390769"><ele>146.927</ele><time>2023-07-15T13:40:41Z</time></trkpt><trkpt lat="38.752531" lon="-9.391004"><ele>146.517</ele><time>2023-07-15T13:40:42Z</time></trkpt><trkpt lat="38.752104" lon="-9.391252"><ele>146.285</ele><time>2023-07-15T13:40:43Z</time></trkpt><trkpt lat="38.751651" lon="-9.391519"><ele>145.771</ele><time>2023-07-15T13:40:45Z</time></trkpt><trkpt lat="38.751193" lon="-9.391804"><ele>145.293</ele><time>2023-07-15T13:40:45Z</time></trkpt><trkpt lat="38.750726" lon="-9.392087"><ele>144.758</ele><time>2023-07-15T13:40:46Z</time></trkpt><trkpt lat="38.750253" lon="-9.392374"><ele>144.052</ele><time>2023-07-15T13:40:47Z</time></trkpt><trkpt lat="38.749790" lon="-9.392662"><ele>143.317</ele><time>2023-07-15T13:40:48Z</time></trkpt><trkpt lat="38.749343" lon="-9.392939"><ele>142.509</ele><time>2023-07-15T13:40:49Z</time></trkpt><trkpt lat="38.748923" lon="-9.393196"><ele>141.566</ele><time>2023-07-15T13:40:50Z</time></trkpt><trkpt lat="38.748523" lon="-9.393434"><ele>140.749</ele><time>2023-07-15T13:40:51Z</time></trkpt><trkpt lat="38.748143" lon="-9.393654"><ele>139.975</ele><time>2023-07-15T13:40:52Z</time></trkpt><trkpt lat="38.747790" lon="-9.393859"><ele>139.060</ele><time>2023-07-15T13:40:53Z</time></trkpt><trkpt lat="38.747457" lon="-9.394049"><ele>138.143</ele><time>2023-07-15T13:40:54Z</time></trkpt><trkpt lat="38.747147" lon="-9.394226"><ele>137.113</ele><time>2023-07-15T13:40:55Z</time></trkpt><trkpt lat="38.746870" lon="-9.394383"><ele>136.191</ele><time>2023-07-15T13:40:56Z</time></trkpt><trkpt lat="38.746635" lon="-9.394516"><ele>135.577</ele><time>2023-07-15T13:40:57Z</time></trkpt><trkpt lat="38.746433" lon="-9.394628"><ele>134.559</ele><time>2023-07-15T13:40:58Z</time></trkpt><trkpt lat="38.746245" lon="-9.394728"><ele>133.771</ele><time>2023-07-15T13:40:59Z</time></trkpt><trkpt lat="38.746063" lon="-9.394820"><ele>133.241</ele><time>2023-07-15T13:41:00Z</time></trkpt><trkpt lat="38.745891" lon="-9.394915"><ele>132.815</ele><time>2023-07-15T13:41:01Z</time></trkpt><trkpt lat="38.745749" lon="-9.395023"><ele>132.409</ele><time>2023-07-15T13:41:03Z</time></trkpt><trkpt lat="38.745654" lon="-9.395163"><ele>131.928</ele><time>2023-07-15T13:41:03Z</time></trkpt><trkpt lat="38.745634" lon="-9.395328"><ele>131.571</ele><time>2023-07-15T13:41:04Z</time></trkpt><trkpt lat="38.745697" lon="-9.395475"><ele>131.317</ele><time>2023-07-15T13:41:05Z</time></trkpt><trkpt lat="38.745817" lon="-9.395600"><ele>131.292</ele><time>2023-07-15T13:41:06Z</time></trkpt><trkpt lat="38.745967" lon="-9.395733"><ele>131.255</ele><time>2023-07-15T13:41:07Z</time></trkpt><trkpt lat="38.746130" lon="-9.395888"><ele>131.275</ele><time>2023-07-15T13:41:08Z</time></trkpt><trkpt lat="38.746292" lon="-9.396071"><ele>131.243</ele><time>2023-07-15T13:41:09Z</time></trkpt><trkpt lat="38.746449" lon="-9.396276"><ele>131.029</ele><time>2023-07-15T13:41:10Z</time></trkpt><trkpt lat="38.746592" lon="-9.396488"><ele>130.641</ele><time>2023-07-15T13:41:11Z</time></trkpt><trkpt lat="38.746730" lon="-9.396696"><ele>130.133</ele><time>2023-07-15T13:41:12Z</time></trkpt><trkpt lat="38.746865" lon="-9.396901"><ele>129.423</ele><time>2023-07-15T13:41:13Z</time></trkpt><trkpt lat="38.747002" lon="-9.397094"><ele>128.715</ele><time>2023-07-15T13:41:14Z</time></trkpt><trkpt lat="38.747155" lon="-9.397256"><ele>128.009</ele><time>2023-07-15T13:41:15Z</time></trkpt><trkpt lat="38.747325" lon="-9.397326"><ele>127.144</ele><time>2023-07-15T13:41:16Z</time></trkpt><trkpt lat="38.747503" lon="-9.397308"><ele>126.297</ele><time>2023-07-15T13:41:17Z</time></trkpt><trkpt lat="38.747693" lon="-9.397241"><ele>125.613</ele><time>2023-07-15T13:41:18Z</time></trkpt><trkpt lat="38.747888" lon="-9.397161"><ele>125.118</ele><time>2023-07-15T13:41:19Z</time></trkpt><trkpt lat="38.748080" lon="-9.397081"><ele>124.431</ele><time>2023-07-15T13:41:21Z</time></trkpt><trkpt lat="38.748267" lon="-9.397004"><ele>123.751</ele><time>2023-07-15T13:41:22Z</time></trkpt><trkpt lat="38.748452" lon="-9.396924"><ele>123.149</ele><time>2023-07-15T13:41:22Z</time></trkpt><trkpt lat="38.748635" lon="-9.396842"><ele>122.615</ele><time>2023-07-15T13:41:23Z</time></trkpt><trkpt lat="38.748812" lon="-9.396759"><ele>122.157</ele><time>2023-07-15T13:41:24Z</time></trkpt><trkpt lat="38.748975" lon="-9.396666"><ele>121.649</ele><time>2023-07-15T13:41:25Z</time></trkpt><trkpt lat="38.749092" lon="-9.396539"><ele>121.202</ele><time>2023-07-15T13:41:26Z</time></trkpt><trkpt lat="38.749135" lon="-9.396379"><ele>121.222</ele><time>2023-07-15T13:41:27Z</time></trkpt><trkpt lat="38.749110" lon="-9.396231"><ele>121.409</ele><time>2023-07-15T13:41:28Z</time></trkpt><trkpt lat="38.749043" lon="-9.396108"><ele>122.235</ele><time>2023-07-15T13:41:29Z</time></trkpt><trkpt lat="38.748936" lon="-9.396025"><ele>123.158</ele><time>2023-07-15T13:41:30Z</time></trkpt><trkpt lat="38.748803" lon="-9.395990"><ele>124.174</ele><time>2023-07-15T13:41:32Z</time></trkpt><trkpt lat="38.748655" lon="-9.395995"><ele>125.499</ele><time>2023-07-15T13:41:32Z</time></trkpt><trkpt lat="38.748492" lon="-9.396028"><ele>126.242</ele><time>2023-07-15T13:41:33Z</time></trkpt><trkpt lat="38.748314" lon="-9.396080"><ele>127.092</ele><time>2023-07-15T13:41:34Z</time></trkpt><trkpt lat="38.748131" lon="-9.396132"><ele>128.020</ele><time>2023-07-15T13:41:35Z</time></trkpt><trkpt lat="38.747953" lon="-9.396189"><ele>129.026</ele><time>2023-07-15T13:41:36Z</time></trkpt><trkpt lat="38.747785" lon="-9.396242"><ele>129.928</ele><time>2023-07-15T13:41:37Z</time></trkpt><trkpt lat="38.747623" lon="-9.396282"><ele>130.772</ele><time>2023-07-15T13:41:38Z</time></trkpt><trkpt lat="38.747463" lon="-9.396279"><ele>131.513</ele><time>2023-07-15T13:41:39Z</time></trkpt><trkpt lat="38.747310" lon="-9.396216"><ele>132.314</ele><time>2023-07-15T13:41:41Z</time></trkpt><trkpt lat="38.747195" lon="-9.396086"><ele>132.909</ele><time>2023-07-15T13:41:41Z</time></trkpt><trkpt lat="38.747140" lon="-9.395914"><ele>133.368</ele><time>2023-07-15T13:41:42Z</time></trkpt><trkpt lat="38.747145" lon="-9.395741"><ele>133.671</ele><time>2023-07-15T13:41:43Z</time></trkpt><trkpt lat="38.747198" lon="-9.395588"><ele>133.687</ele><time>2023-07-15T13:41:44Z</time></trkpt><trkpt lat="38.747286" lon="-9.395461"><ele>133.712</ele><time>2023-07-15T13:41:45Z</time></trkpt><trkpt lat="38.747406" lon="-9.395373"><ele>133.925</ele><time>2023-07-15T13:41:46Z</time></trkpt><trkpt lat="38.747551" lon="-9.395315"><ele>134.245</ele><time>2023-07-15T13:41:47Z</time></trkpt><trkpt lat="38.747714" lon="-9.395270"><ele>134.413</ele><time>2023-07-15T13:41:48Z</time></trkpt><trkpt lat="38.747894" lon="-9.395228"><ele>134.599</ele><time>2023-07-15T13:41:49Z</time></trkpt><trkpt lat="38.748092" lon="-9.395180"><ele>134.611</ele><time>2023-07-15T13:41:50Z</time></trkpt><trkpt lat="38.748310" lon="-9.395125"><ele>134.721</ele><time>2023-07-15T13:41:51Z</time></trkpt><trkpt lat="38.748548" lon="-9.395067"><ele>134.841</ele><time>2023-07-15T13:41:52Z</time></trkpt><trkpt lat="38.748798" lon="-9.395007"><ele>134.905</ele><time>2023-07-15T13:41:53Z</time></trkpt><trkpt lat="38.749043" lon="-9.394945"><ele>134.909</ele><time>2023-07-15T13:41:54Z</time></trkpt><trkpt lat="38.749260" lon="-9.394885"><ele>134.973</ele><time>2023-07-15T13:41:55Z</time></trkpt><trkpt lat="38.749450" lon="-9.394818"><ele>134.926</ele><time>2023-07-15T13:41:56Z</time></trkpt><trkpt lat="38.749623" lon="-9.394721"><ele>134.882</ele><time>2023-07-15T13:41:57Z</time></trkpt><trkpt lat="38.749786" lon="-9.394583"><ele>134.827</ele><time>2023-07-15T13:41:58Z</time></trkpt><trkpt lat="38.749951" lon="-9.394416"><ele>135.030</ele><time>2023-07-15T13:41:59Z</time></trkpt><trkpt lat="38.750124" lon="-9.394238"><ele>135.340</ele><time>2023-07-15T13:42:00Z</time></trkpt><trkpt lat="38.750309" lon="-9.394048"><ele>135.588</ele><time>2023-07-15T13:42:01Z</time></trkpt><trkpt lat="38.750502" lon="-9.393848"><ele>135.674</ele><time>2023-07-15T13:42:02Z</time></trkpt><trkpt lat="38.750705" lon="-9.393640"><ele>135.836</ele><time>2023-07-15T13:42:03Z</time></trkpt><trkpt lat="38.750913" lon="-9.393427"><ele>136.026</ele><time>2023-07-15T13:42:04Z</time></trkpt><trkpt lat="38.751130" lon="-9.393205"><ele>136.347</ele><time>2023-07-15T13:42:05Z</time></trkpt><trkpt lat="38.751353" lon="-9.392980"><ele>136.511</ele><time>2023-07-15T13:42:06Z</time></trkpt><trkpt lat="38.751583" lon="-9.392748"><ele>136.609</ele><time>2023-07-15T13:42:07Z</time></trkpt><trkpt lat="38.751813" lon="-9.392515"><ele>136.883</ele><time>2023-07-15T13:42:08Z</time></trkpt><trkpt lat="38.752035" lon="-9.392283"><ele>136.856</ele><time>2023-07-15T13:42:09Z</time></trkpt><trkpt lat="38.752253" lon="-9.392056"><ele>136.982</ele><time>2023-07-15T13:42:10Z</time></trkpt><trkpt lat="38.752455" lon="-9.391848"><ele>137.047</ele><time>2023-07-15T13:42:12Z</time></trkpt><trkpt lat="38.752632" lon="-9.391668"><ele>137.170</ele><time>2023-07-15T13:42:12Z</time></trkpt><trkpt lat="38.752780" lon="-9.391520"><ele>137.220</ele><time>2023-07-15T13:42:13Z</time></trkpt><trkpt lat="38.752920" lon="-9.391400"><ele>137.358</ele><time>2023-07-15T13:42:14Z</time></trkpt><trkpt lat="38.753063" lon="-9.391332"><ele>137.364</ele><time>2023-07-15T13:42:15Z</time></trkpt><trkpt lat="38.753205" lon="-9.391334"><ele>137.396</ele><time>2023-07-15T13:42:16Z</time></trkpt><trkpt lat="38.753333" lon="-9.391417"><ele>137.454</ele><time>2023-07-15T13:42:17Z</time></trkpt><trkpt lat="38.753436" lon="-9.391559"><ele>137.656</ele><time>2023-07-15T13:42:18Z</time></trkpt><trkpt lat="38.753508" lon="-9.391752"><ele>137.911</ele><time>2023-07-15T13:42:19Z</time></trkpt><trkpt lat="38.753541" lon="-9.391984"><ele>138.309</ele><time>2023-07-15T13:42:20Z</time></trkpt><trkpt lat="38.753523" lon="-9.392241"><ele>138.816</ele><time>2023-07-15T13:42:21Z</time></trkpt><trkpt lat="38.753441" lon="-9.392503"><ele>139.599</ele><time>2023-07-15T13:42:23Z</time></trkpt><trkpt lat="38.753299" lon="-9.392750"><ele>140.185</ele><time>2023-07-15T13:42:23Z</time></trkpt><trkpt lat="38.753109" lon="-9.392975"><ele>140.520</ele><time>2023-07-15T13:42:24Z</time></trkpt><trkpt lat="38.752894" lon="-9.393183"><ele>140.563</ele><time>2023-07-15T13:42:25Z</time></trkpt><trkpt lat="38.752681" lon="-9.393391"><ele>140.163</ele><time>2023-07-15T13:42:26Z</time></trkpt><trkpt lat="38.752474" lon="-9.393599"><ele>139.311</ele><time>2023-07-15T13:42:27Z</time></trkpt><trkpt lat="38.752264" lon="-9.393809"><ele>138.587</ele><time>2023-07-15T13:42:28Z</time></trkpt><trkpt lat="38.752054" lon="-9.394019"><ele>137.639</ele><time>2023-07-15T13:42:29Z</time></trkpt><trkpt lat="38.751844" lon="-9.394227"><ele>136.589</ele><time>2023-07-15T13:42:30Z</time></trkpt><trkpt lat="38.751634" lon="-9.394437"><ele>135.406</ele><time>2023-07-15T13:42:31Z</time></trkpt><trkpt lat="38.751432" lon="-9.394642"><ele>134.326</ele><time>2023-07-15T13:42:32Z</time></trkpt><trkpt lat="38.751254" lon="-9.394832"><ele>133.109</ele><time>2023-07-15T13:42:33Z</time></trkpt><trkpt lat="38.751117" lon="-9.395022"><ele>131.939</ele><time>2023-07-15T13:42:34Z</time></trkpt><trkpt lat="38.751025" lon="-9.395225"><ele>130.892</ele><time>2023-07-15T13:42:36Z</time></trkpt><trkpt lat="38.750998" lon="-9.395443"><ele>129.938</ele><time>2023-07-15T13:42:36Z</time></trkpt><trkpt lat="38.751048" lon="-9.395650"><ele>128.963</ele><time>2023-07-15T13:42:37Z</time></trkpt><trkpt lat="38.751165" lon="-9.395808"><ele>127.966</ele><time>2023-07-15T13:42:38Z</time></trkpt><trkpt lat="38.751328" lon="-9.395911"><ele>127.166</ele><time>2023-07-15T13:42:39Z</time></trkpt><trkpt lat="38.751521" lon="-9.395976"><ele>126.814</ele><time>2023-07-15T13:42:40Z</time></trkpt><trkpt lat="38.751724" lon="-9.396024"><ele>126.820</ele><time>2023-07-15T13:42:41Z</time></trkpt><trkpt lat="38.751927" lon="-9.396066"><ele>127.032</ele><time>2023-07-15T13:42:42Z</time></trkpt><trkpt lat="38.752124" lon="-9.396099"><ele>127.372</ele><time>2023-07-15T13:42:43Z</time></trkpt><trkpt lat="38.752309" lon="-9.396117"><ele>127.713</ele><time>2023-07-15T13:42:45Z</time></trkpt><trkpt lat="38.752476" lon="-9.396100"><ele>128.214</ele><time>2023-07-15T13:42:46Z</time></trkpt><trkpt lat="38.752623" lon="-9.396023"><ele>128.809</ele><time>2023-07-15T13:42:46Z</time></trkpt><trkpt lat="38.752751" lon="-9.395893"><ele>129.538</ele><time>2023-07-15T13:42:47Z</time></trkpt><trkpt lat="38.752874" lon="-9.395733"><ele>130.331</ele><time>2023-07-15T13:42:48Z</time></trkpt><trkpt lat="38.752996" lon="-9.395553"><ele>131.357</ele><time>2023-07-15T13:42:49Z</time></trkpt><trkpt lat="38.753108" lon="-9.395366"><ele>132.462</ele><time>2023-07-15T13:42:50Z</time></trkpt><trkpt lat="38.753220" lon="-9.395199"><ele>133.775</ele><time>2023-07-15T13:42:51Z</time></trkpt><trkpt lat="38.753350" lon="-9.395121"><ele>134.955</ele><time>2023-07-15T13:42:53Z</time></trkpt><trkpt lat="38.753465" lon="-9.395159"><ele>135.463</ele><time>2023-07-15T13:42:53Z</time></trkpt><trkpt lat="38.753537" lon="-9.395274"><ele>136.069</ele><time>2023-07-15T13:42:54Z</time></trkpt><trkpt lat="38.753610" lon="-9.395399"><ele>136.971</ele><time>2023-07-15T13:42:55Z</time></trkpt><trkpt lat="38.753707" lon="-9.395474"><ele>137.619</ele><time>2023-07-15T13:42:57Z</time></trkpt><trkpt lat="38.753812" lon="-9.395464"><ele>138.409</ele><time>2023-07-15T13:42:57Z</time></trkpt><trkpt lat="38.753909" lon="-9.395382"><ele>139.219</ele><time>2023-07-15T13:42:58Z</time></trkpt><trkpt lat="38.753992" lon="-9.395249"><ele>140.209</ele><time>2023-07-15T13:42:59Z</time></trkpt><trkpt lat="38.754065" lon="-9.395076"><ele>141.462</ele><time>2023-07-15T13:43:00Z</time></trkpt><trkpt lat="38.754133" lon="-9.394878"><ele>142.045</ele><time>2023-07-15T13:43:01Z</time></trkpt><trkpt lat="38.754188" lon="-9.394673"><ele>142.421</ele><time>2023-07-15T13:43:03Z</time></trkpt><trkpt lat="38.754223" lon="-9.394448"><ele>142.616</ele><time>2023-07-15T13:43:04Z</time></trkpt><trkpt lat="38.754235" lon="-9.394203"><ele>142.729</ele><time>2023-07-15T13:43:04Z</time></trkpt><trkpt lat="38.754213" lon="-9.393941"><ele>142.979</ele><time>2023-07-15T13:43:05Z</time></trkpt><trkpt lat="38.754170" lon="-9.393669"><ele>143.297</ele><time>2023-07-15T13:43:06Z</time></trkpt><trkpt lat="38.754143" lon="-9.393402"><ele>143.463</ele><time>2023-07-15T13:43:07Z</time></trkpt><trkpt lat="38.754166" lon="-9.393145"><ele>143.675</ele><time>2023-07-15T13:43:08Z</time></trkpt><trkpt lat="38.754258" lon="-9.392928"><ele>143.963</ele><time>2023-07-15T13:43:09Z</time></trkpt><trkpt lat="38.754411" lon="-9.392771"><ele>144.244</ele><time>2023-07-15T13:43:10Z</time></trkpt><trkpt lat="38.754604" lon="-9.392664"><ele>144.618</ele><time>2023-07-15T13:43:11Z</time></trkpt><trkpt lat="38.754812" lon="-9.392537"><ele>145.209</ele><time>2023-07-15T13:43:13Z</time></trkpt><trkpt lat="38.755010" lon="-9.392345"><ele>145.817</ele><time>2023-07-15T13:43:13Z</time></trkpt><trkpt lat="38.755172" lon="-9.392083"><ele>146.290</ele><time>2023-07-15T13:43:14Z</time></trkpt><trkpt lat="38.755275" lon="-9.391761"><ele>146.426</ele><time>2023-07-15T13:43:16Z</time></trkpt><trkpt lat="38.755297" lon="-9.391413"><ele>146.741</ele><time>2023-07-15T13:43:16Z</time></trkpt><trkpt lat="38.755234" lon="-9.391073"><ele>147.034</ele><time>2023-07-15T13:43:17Z</time></trkpt><trkpt lat="38.755092" lon="-9.390763"><ele>147.324</ele><time>2023-07-15T13:43:18Z</time></trkpt><trkpt lat="38.754885" lon="-9.390505"><ele>147.742</ele><time>2023-07-15T13:43:19Z</time></trkpt><trkpt lat="38.754627" lon="-9.390320"><ele>147.998</ele><time>2023-07-15T13:43:20Z</time></trkpt><trkpt lat="38.754335" lon="-9.390225"><ele>148.010</ele><time>2023-07-15T13:43:22Z</time></trkpt><trkpt lat="38.754028" lon="-9.390228"><ele>148.082</ele><time>2023-07-15T13:43:23Z</time></trkpt><trkpt lat="38.753723" lon="-9.390326"><ele>147.843</ele><time>2023-07-15T13:43:23Z</time></trkpt><trkpt lat="38.753410" lon="-9.390489"><ele>147.617</ele><time>2023-07-15T13:43:24Z</time></trkpt><trkpt lat="38.753078" lon="-9.390677"><ele>147.309</ele><time>2023-07-15T13:43:25Z</time></trkpt><trkpt lat="38.752720" lon="-9.390887"><ele>146.939</ele><time>2023-07-15T13:43:26Z</time></trkpt><trkpt lat="38.752333" lon="-9.391107"><ele>146.522</ele><time>2023-07-15T13:43:27Z</time></trkpt><trkpt lat="38.751918" lon="-9.391342"><ele>146.168</ele><time>2023-07-15T13:43:28Z</time></trkpt><trkpt lat="38.751478" lon="-9.391594"><ele>145.693</ele><time>2023-07-15T13:43:29Z</time></trkpt><trkpt lat="38.751011" lon="-9.391864"><ele>145.166</ele><time>2023-07-15T13:43:30Z</time></trkpt><trkpt lat="38.750523" lon="-9.392147"><ele>144.586</ele><time>2023-07-15T13:43:31Z</time></trkpt><trkpt lat="38.750015" lon="-9.392444"><ele>143.834</ele><time>2023-07-15T13:43:33Z</time></trkpt><trkpt lat="38.749485" lon="-9.392754"><ele>143.070</ele><time>2023-07-15T13:43:33Z</time></trkpt><trkpt lat="38.748938" lon="-9.393074"><ele>142.452</ele><time>2023-07-15T13:43:34Z</time></trkpt><trkpt lat="38.748375" lon="-9.393404"><ele>141.623</ele><time>2023-07-15T13:43:35Z</time></trkpt><trkpt lat="38.747823" lon="-9.393726"><ele>140.783</ele><time>2023-07-15T13:43:36Z</time></trkpt><trkpt lat="38.747326" lon="-9.394014"><ele>139.111</ele><time>2023-07-15T13:43:37Z</time></trkpt><trkpt lat="38.746883" lon="-9.394261"><ele>137.309</ele><time>2023-07-15T13:43:38Z</time></trkpt><trkpt lat="38.746471" lon="-9.394489"><ele>135.323</ele><time>2023-07-15T13:43:39Z</time></trkpt><trkpt lat="38.746106" lon="-9.394694"><ele>134.126</ele><time>2023-07-15T13:43:40Z</time></trkpt><trkpt lat="38.745824" lon="-9.394879"><ele>133.062</ele><time>2023-07-15T13:43:41Z</time></trkpt><trkpt lat="38.745634" lon="-9.395064"><ele>132.527</ele><time>2023-07-15T13:43:43Z</time></trkpt><trkpt lat="38.745542" lon="-9.395244"><ele>131.610</ele><time>2023-07-15T13:43:43Z</time></trkpt><trkpt lat="38.745552" lon="-9.395412"><ele>131.390</ele><time>2023-07-15T13:43:44Z</time></trkpt><trkpt lat="38.745649" lon="-9.395544"><ele>131.448</ele><time>2023-07-15T13:43:45Z</time></trkpt><trkpt lat="38.745812" lon="-9.395672"><ele>131.484</ele><time>2023-07-15T13:43:46Z</time></trkpt><trkpt lat="38.746017" lon="-9.395850"><ele>131.686</ele><time>2023-07-15T13:43:47Z</time></trkpt><trkpt lat="38.746239" lon="-9.396097"><ele>131.963</ele><time>2023-07-15T13:43:48Z</time></trkpt><trkpt lat="38.746466" lon="-9.396414"><ele>131.844</ele><time>2023-07-15T13:43:49Z</time></trkpt><trkpt lat="38.746691" lon="-9.396759"><ele>131.218</ele><time>2023-07-15T13:43:50Z</time></trkpt><trkpt lat="38.746906" lon="-9.397067"><ele>130.209</ele><time>2023-07-15T13:43:51Z</time></trkpt><trkpt lat="38.747138" lon="-9.397272"><ele>128.917</ele><time>2023-07-15T13:43:53Z</time></trkpt><trkpt lat="38.747395" lon="-9.397354"><ele>128.330</ele><time>2023-07-15T13:43:53Z</time></trkpt><trkpt lat="38.747663" lon="-9.397321"><ele>127.146</ele><time>2023-07-15T13:43:54Z</time></trkpt><trkpt lat="38.747946" lon="-9.397214"><ele>126.181</ele><time>2023-07-15T13:43:55Z</time></trkpt><trkpt lat="38.748248" lon="-9.397084"><ele>124.944</ele><time>2023-07-15T13:43:56Z</time></trkpt><trkpt lat="38.748538" lon="-9.396961"><ele>123.954</ele><time>2023-07-15T13:43:58Z</time></trkpt><trkpt lat="38.748788" lon="-9.396849"><ele>123.482</ele><time>2023-07-15T13:43:58Z</time></trkpt><trkpt lat="38.748980" lon="-9.396707"><ele>122.568</ele><time>2023-07-15T13:43:59Z</time></trkpt><trkpt lat="38.749098" lon="-9.396522"><ele>121.980</ele><time>2023-07-15T13:44:01Z</time></trkpt><trkpt lat="38.749128" lon="-9.396320"><ele>121.735</ele><time>2023-07-15T13:44:02Z</time></trkpt><trkpt lat="38.749070" lon="-9.396133"><ele>122.486</ele><time>2023-07-15T13:44:02Z</time></trkpt><trkpt lat="38.748935" lon="-9.395996"><ele>123.714</ele><time>2023-07-15T13:44:03Z</time></trkpt><trkpt lat="38.748747" lon="-9.395941"><ele>125.109</ele><time>2023-07-15T13:44:04Z</time></trkpt><trkpt lat="38.748520" lon="-9.395956"><ele>126.414</ele><time>2023-07-15T13:44:05Z</time></trkpt><trkpt lat="38.748263" lon="-9.396049"><ele>127.647</ele><time>2023-07-15T13:44:06Z</time></trkpt><trkpt lat="38.747983" lon="-9.396169"><ele>129.713</ele><time>2023-07-15T13:44:07Z</time></trkpt><trkpt lat="38.747731" lon="-9.396254"><ele>130.448</ele><time>2023-07-15T13:44:08Z</time></trkpt><trkpt lat="38.747518" lon="-9.396264"><ele>131.481</ele><time>2023-07-15T13:44:09Z</time></trkpt><trkpt lat="38.747328" lon="-9.396181"><ele>132.271</ele><time>2023-07-15T13:44:11Z</time></trkpt><trkpt lat="38.747201" lon="-9.396009"><ele>133.029</ele><time>2023-07-15T13:44:12Z</time></trkpt><trkpt lat="38.747164" lon="-9.395794"><ele>133.615</ele><time>2023-07-15T13:44:12Z</time></trkpt><trkpt lat="38.747217" lon="-9.395579"><ele>133.937</ele><time>2023-07-15T13:44:13Z</time></trkpt><trkpt lat="38.747352" lon="-9.395414"><ele>134.289</ele><time>2023-07-15T13:44:14Z</time></trkpt><trkpt lat="38.747552" lon="-9.395307"><ele>134.606</ele><time>2023-07-15T13:44:15Z</time></trkpt><trkpt lat="38.747805" lon="-9.395232"><ele>135.026</ele><time>2023-07-15T13:44:16Z</time></trkpt><trkpt lat="38.748108" lon="-9.395167"><ele>135.609</ele><time>2023-07-15T13:44:17Z</time></trkpt><trkpt lat="38.748456" lon="-9.395102"><ele>135.819</ele><time>2023-07-15T13:44:18Z</time></trkpt><trkpt lat="38.748838" lon="-9.395020"><ele>136.092</ele><time>2023-07-15T13:44:19Z</time></trkpt><trkpt lat="38.749226" lon="-9.394902"><ele>136.138</ele><time>2023-07-15T13:44:20Z</time></trkpt><trkpt lat="38.749596" lon="-9.394714"><ele>136.883</ele><time>2023-07-15T13:44:22Z</time></trkpt><trkpt lat="38.749943" lon="-9.394447"><ele>137.066</ele><time>2023-07-15T13:44:22Z</time></trkpt><trkpt lat="38.750283" lon="-9.394114"><ele>137.456</ele><time>2023-07-15T13:44:24Z</time></trkpt><trkpt lat="38.750640" lon="-9.393752"><ele>137.684</ele><time>2023-07-15T13:44:24Z</time></trkpt><trkpt lat="38.751015" lon="-9.393367"><ele>137.880</ele><time>2023-07-15T13:44:25Z</time></trkpt><trkpt lat="38.751398" lon="-9.392977"><ele>138.032</ele><time>2023-07-15T13:44:26Z</time></trkpt><trkpt lat="38.751766" lon="-9.392599"><ele>138.379</ele><time>2023-07-15T13:44:27Z</time></trkpt><trkpt lat="38.752101" lon="-9.392254"><ele>138.305</ele><time>2023-07-15T13:44:28Z</time></trkpt><trkpt lat="38.752393" lon="-9.391954"><ele>138.325</ele><time>2023-07-15T13:44:29Z</time></trkpt><trkpt lat="38.752648" lon="-9.391687"><ele>138.209</ele><time>2023-07-15T13:44:30Z</time></trkpt><trkpt lat="38.752863" lon="-9.391482"><ele>138.288</ele><time>2023-07-15T13:44:31Z</time></trkpt><trkpt lat="38.753056" lon="-9.391372"><ele>138.281</ele><time>2023-07-15T13:44:33Z</time></trkpt><trkpt lat="38.753243" lon="-9.391364"><ele>138.057</ele><time>2023-07-15T13:44:33Z</time></trkpt><trkpt lat="38.753403" lon="-9.391464"><ele>138.172</ele><time>2023-07-15T13:44:34Z</time></trkpt><trkpt lat="38.753511" lon="-9.391654"><ele>138.615</ele><time>2023-07-15T13:44:35Z</time></trkpt><trkpt lat="38.753554" lon="-9.391911"><ele>139.135</ele><time>2023-07-15T13:44:36Z</time></trkpt><trkpt lat="38.753527" lon="-9.392201"><ele>139.683</ele><time>2023-07-15T13:44:37Z</time></trkpt><trkpt lat="38.753427" lon="-9.392504"><ele>140.319</ele><time>2023-07-15T13:44:38Z</time></trkpt><trkpt lat="38.753249" lon="-9.392791"><ele>141.551</ele><time>2023-07-15T13:44:39Z</time></trkpt><trkpt lat="38.753002" lon="-9.393058"><ele>141.975</ele><time>2023-07-15T13:44:41Z</time></trkpt><trkpt lat="38.752714" lon="-9.393331"><ele>141.528</ele><time>2023-07-15T13:44:41Z</time></trkpt><trkpt lat="38.752392" lon="-9.393633"><ele>140.520</ele><time>2023-07-15T13:44:42Z</time></trkpt><trkpt lat="38.752050" lon="-9.393968"><ele>139.309</ele><time>2023-07-15T13:44:43Z</time></trkpt><trkpt lat="38.751717" lon="-9.394301"><ele>137.658</ele><time>2023-07-15T13:44:44Z</time></trkpt><trkpt lat="38.751434" lon="-9.394589"><ele>135.791</ele><time>2023-07-15T13:44:45Z</time></trkpt><trkpt lat="38.751211" lon="-9.394836"><ele>133.797</ele><time>2023-07-15T13:44:46Z</time></trkpt><trkpt lat="38.751064" lon="-9.395093"><ele>132.992</ele><time>2023-07-15T13:44:47Z</time></trkpt><trkpt lat="38.750994" lon="-9.395361"><ele>131.625</ele><time>2023-07-15T13:44:48Z</time></trkpt><trkpt lat="38.751019" lon="-9.395621"><ele>130.575</ele><time>2023-07-15T13:44:49Z</time></trkpt><trkpt lat="38.751132" lon="-9.395828"><ele>129.343</ele><time>2023-07-15T13:44:51Z</time></trkpt><trkpt lat="38.751315" lon="-9.395968"><ele>128.439</ele><time>2023-07-15T13:44:51Z</time></trkpt><trkpt lat="38.751558" lon="-9.396040"><ele>128.171</ele><time>2023-07-15T13:44:52Z</time></trkpt><trkpt lat="38.751848" lon="-9.396090"><ele>128.297</ele><time>2023-07-15T13:44:53Z</time></trkpt><trkpt lat="38.752141" lon="-9.396135"><ele>129.023</ele><time>2023-07-15T13:44:54Z</time></trkpt><trkpt lat="38.752391" lon="-9.396125"><ele>129.325</ele><time>2023-07-15T13:44:55Z</time></trkpt><trkpt lat="38.752608" lon="-9.396025"><ele>130.109</ele><time>2023-07-15T13:44:56Z</time></trkpt><trkpt lat="38.752791" lon="-9.395835"><ele>131.040</ele><time>2023-07-15T13:44:57Z</time></trkpt><trkpt lat="38.752963" lon="-9.395575"><ele>132.323</ele><time>2023-07-15T13:44:59Z</time></trkpt><trkpt lat="38.753103" lon="-9.395343"><ele>133.879</ele><time>2023-07-15T13:44:59Z</time></trkpt><trkpt lat="38.753231" lon="-9.395191"><ele>135.274</ele><time>2023-07-15T13:45:00Z</time></trkpt><trkpt lat="38.753353" lon="-9.395153"><ele>136.237</ele><time>2023-07-15T13:45:01Z</time></trkpt><trkpt lat="38.753440" lon="-9.395188"><ele>136.537</ele><time>2023-07-15T13:45:02Z</time></trkpt><trkpt lat="38.753500" lon="-9.395263"><ele>136.655</ele><time>2023-07-15T13:45:04Z</time></trkpt><trkpt lat="38.753548" lon="-9.395355"><ele>137.161</ele><time>2023-07-15T13:45:04Z</time></trkpt><trkpt lat="38.753608" lon="-9.395438"><ele>137.973</ele><time>2023-07-15T13:45:05Z</time></trkpt><trkpt lat="38.753686" lon="-9.395478"><ele>138.598</ele><time>2023-07-15T13:45:06Z</time></trkpt><trkpt lat="38.753784" lon="-9.395461"><ele>139.415</ele><time>2023-07-15T13:45:07Z</time></trkpt><trkpt lat="38.753892" lon="-9.395379"><ele>140.026</ele><time>2023-07-15T13:45:09Z</time></trkpt><trkpt lat="38.753999" lon="-9.395232"><ele>141.409</ele><time>2023-07-15T13:45:10Z</time></trkpt><trkpt lat="38.754106" lon="-9.395030"><ele>142.310</ele><time>2023-07-15T13:45:10Z</time></trkpt><trkpt lat="38.754196" lon="-9.394763"><ele>143.133</ele><time>2023-07-15T13:45:11Z</time></trkpt><trkpt lat="38.754253" lon="-9.394438"><ele>143.639</ele><time>2023-07-15T13:45:12Z</time></trkpt><trkpt lat="38.754248" lon="-9.394081"><ele>144.064</ele><time>2023-07-15T13:45:13Z</time></trkpt><trkpt lat="38.754181" lon="-9.393718"><ele>144.257</ele><time>2023-07-15T13:45:14Z</time></trkpt><trkpt lat="38.754129" lon="-9.393411"><ele>144.387</ele><time>2023-07-15T13:45:15Z</time></trkpt><trkpt lat="38.754152" lon="-9.393149"><ele>144.585</ele><time>2023-07-15T13:45:16Z</time></trkpt><trkpt lat="38.754250" lon="-9.392946"><ele>144.731</ele><time>2023-07-15T13:45:17Z</time></trkpt><trkpt lat="38.754415" lon="-9.392804"><ele>144.963</ele><time>2023-07-15T13:45:18Z</time></trkpt><trkpt lat="38.754622" lon="-9.392689"><ele>145.278</ele><time>2023-07-15T13:45:20Z</time></trkpt><trkpt lat="38.754830" lon="-9.392552"><ele>145.833</ele><time>2023-07-15T13:45:20Z</time></trkpt><trkpt lat="38.755017" lon="-9.392364"><ele>146.426</ele><time>2023-07-15T13:45:21Z</time></trkpt><trkpt lat="38.755174" lon="-9.392122"><ele>146.709</ele><time>2023-07-15T13:45:23Z</time></trkpt><trkpt lat="38.755284" lon="-9.391827"><ele>146.858</ele><time>2023-07-15T13:45:23Z</time></trkpt><trkpt lat="38.755326" lon="-9.391499"><ele>146.941</ele><time>2023-07-15T13:45:24Z</time></trkpt><trkpt lat="38.755291" lon="-9.391166"><ele>147.247</ele><time>2023-07-15T13:45:25Z</time></trkpt><trkpt lat="38.755183" lon="-9.390856"><ele>147.552</ele><time>2023-07-15T13:45:26Z</time></trkpt><trkpt lat="38.755008" lon="-9.390591"><ele>147.865</ele><time>2023-07-15T13:45:27Z</time></trkpt><trkpt lat="38.754785" lon="-9.390389"><ele>148.015</ele><time>2023-07-15T13:45:28Z</time></trkpt><trkpt lat="38.754528" lon="-9.390251"><ele>148.033</ele><time>2023-07-15T13:45:29Z</time></trkpt><trkpt lat="38.754255" lon="-9.390186"><ele>147.969</ele><time>2023-07-15T13:45:30Z</time></trkpt><trkpt lat="38.753978" lon="-9.390214"><ele>147.821</ele><time>2023-07-15T13:45:31Z</time></trkpt><trkpt lat="38.753695" lon="-9.390319"><ele>147.541</ele><time>2023-07-15T13:45:32Z</time></trkpt><trkpt lat="38.753405" lon="-9.390477"><ele>147.381</ele><time>2023-07-15T13:45:34Z</time></trkpt><trkpt lat="38.753102" lon="-9.390655"><ele>147.109</ele><time>2023-07-15T13:45:34Z</time></trkpt><trkpt lat="38.752772" lon="-9.390850"><ele>146.909</ele><time>2023-07-15T13:45:35Z</time></trkpt><trkpt lat="38.752414" lon="-9.391058"><ele>146.725</ele><time>2023-07-15T13:45:36Z</time></trkpt><trkpt lat="38.752027" lon="-9.391281"><ele>146.358</ele><time>2023-07-15T13:45:37Z</time></trkpt><trkpt lat="38.751617" lon="-9.391521"><ele>145.964</ele><time>2023-07-15T13:45:38Z</time></trkpt><trkpt lat="38.751187" lon="-9.391773"><ele>145.479</ele><time>2023-07-15T13:45:39Z</time></trkpt><trkpt lat="38.750735" lon="-9.392036"><ele>144.812</ele><time>2023-07-15T13:45:40Z</time></trkpt><trkpt lat="38.750273" lon="-9.392308"><ele>144.392</ele><time>2023-07-15T13:45:41Z</time></trkpt><trkpt lat="38.749805" lon="-9.392583"><ele>143.830</ele><time>2023-07-15T13:45:42Z</time></trkpt><trkpt lat="38.749325" lon="-9.392863"><ele>143.266</ele><time>2023-07-15T13:45:43Z</time></trkpt><trkpt lat="38.748833" lon="-9.393146"><ele>142.768</ele><time>2023-07-15T13:45:44Z</time></trkpt><trkpt lat="38.748353" lon="-9.393423"><ele>141.985</ele><time>2023-07-15T13:45:45Z</time></trkpt><trkpt lat="38.747896" lon="-9.393685"><ele>140.989</ele><time>2023-07-15T13:45:46Z</time></trkpt><trkpt lat="38.747464" lon="-9.393932"><ele>139.517</ele><time>2023-07-15T13:45:47Z</time></trkpt><trkpt lat="38.747064" lon="-9.394159"><ele>138.109</ele><time>2023-07-15T13:45:48Z</time></trkpt><trkpt lat="38.746709" lon="-9.394362"><ele>136.829</ele><time>2023-07-15T13:45:49Z</time></trkpt><trkpt lat="38.746382" lon="-9.394549"><ele>135.722</ele><time>2023-07-15T13:45:50Z</time></trkpt><trkpt lat="38.746090" lon="-9.394716"><ele>134.958</ele><time>2023-07-15T13:45:51Z</time></trkpt><trkpt lat="38.745853" lon="-9.394866"><ele>134.373</ele><time>2023-07-15T13:45:52Z</time></trkpt><trkpt lat="38.745690" lon="-9.395051"><ele>133.596</ele><time>2023-07-15T13:45:53Z</time></trkpt><trkpt lat="38.745617" lon="-9.395264"><ele>132.946</ele><time>2023-07-15T13:45:54Z</time></trkpt><trkpt lat="38.745647" lon="-9.395467"><ele>132.554</ele><time>2023-07-15T13:45:56Z</time></trkpt><trkpt lat="38.745764" lon="-9.395629"><ele>132.390</ele><time>2023-07-15T13:45:56Z</time></trkpt><trkpt lat="38.745941" lon="-9.395777"><ele>132.632</ele><time>2023-07-15T13:45:57Z</time></trkpt><trkpt lat="38.746148" lon="-9.395984"><ele>132.838</ele><time>2023-07-15T13:45:58Z</time></trkpt><trkpt lat="38.746365" lon="-9.396261"><ele>132.970</ele><time>2023-07-15T13:45:59Z</time></trkpt><trkpt lat="38.746587" lon="-9.396593"><ele>132.617</ele><time>2023-07-15T13:46:00Z</time></trkpt><trkpt lat="38.746797" lon="-9.396920"><ele>131.709</ele><time>2023-07-15T13:46:01Z</time></trkpt><trkpt lat="38.747014" lon="-9.397175"><ele>130.694</ele><time>2023-07-15T13:46:02Z</time></trkpt><trkpt lat="38.747262" lon="-9.397317"><ele>129.437</ele><time>2023-07-15T13:46:03Z</time></trkpt><trkpt lat="38.747530" lon="-9.397342"><ele>128.543</ele><time>2023-07-15T13:46:05Z</time></trkpt><trkpt lat="38.747813" lon="-9.397270"><ele>127.188</ele><time>2023-07-15T13:46:06Z</time></trkpt><trkpt lat="38.748120" lon="-9.397147"><ele>126.241</ele><time>2023-07-15T13:46:06Z</time></trkpt><trkpt lat="38.748445" lon="-9.397007"><ele>125.141</ele><time>2023-07-15T13:46:07Z</time></trkpt><trkpt lat="38.748738" lon="-9.396874"><ele>124.169</ele><time>2023-07-15T13:46:08Z</time></trkpt><trkpt lat="38.748973" lon="-9.396716"><ele>123.625</ele><time>2023-07-15T13:46:09Z</time></trkpt><trkpt lat="38.749111" lon="-9.396513"><ele>122.997</ele><time>2023-07-15T13:46:10Z</time></trkpt><trkpt lat="38.749148" lon="-9.396305"><ele>122.728</ele><time>2023-07-15T13:46:12Z</time></trkpt><trkpt lat="38.749095" lon="-9.396108"><ele>123.389</ele><time>2023-07-15T13:46:12Z</time></trkpt><trkpt lat="38.748970" lon="-9.395961"><ele>124.617</ele><time>2023-07-15T13:46:13Z</time></trkpt><trkpt lat="38.748797" lon="-9.395896"><ele>125.909</ele><time>2023-07-15T13:46:15Z</time></trkpt><trkpt lat="38.748600" lon="-9.395929"><ele>127.093</ele><time>2023-07-15T13:46:16Z</time></trkpt><trkpt lat="38.748367" lon="-9.396014"><ele>127.966</ele><time>2023-07-15T13:46:16Z</time></trkpt><trkpt lat="38.748099" lon="-9.396121"><ele>129.742</ele><time>2023-07-15T13:46:17Z</time></trkpt><trkpt lat="38.747836" lon="-9.396221"><ele>131.497</ele><time>2023-07-15T13:46:19Z</time></trkpt><trkpt lat="38.747608" lon="-9.396274"><ele>132.090</ele><time>2023-07-15T13:46:19Z</time></trkpt><trkpt lat="38.747410" lon="-9.396231"><ele>133.160</ele><time>2023-07-15T13:46:20Z</time></trkpt><trkpt lat="38.747248" lon="-9.396096"><ele>133.928</ele><time>2023-07-15T13:46:21Z</time></trkpt><trkpt lat="38.747168" lon="-9.395896"><ele>134.324</ele><time>2023-07-15T13:46:23Z</time></trkpt><trkpt lat="38.747178" lon="-9.395678"><ele>134.656</ele><time>2023-07-15T13:46:24Z</time></trkpt><trkpt lat="38.747275" lon="-9.395488"><ele>134.941</ele><time>2023-07-15T13:46:25Z</time></trkpt><trkpt lat="38.747442" lon="-9.395348"><ele>135.281</ele><time>2023-07-15T13:46:25Z</time></trkpt><trkpt lat="38.747664" lon="-9.395258"><ele>135.609</ele><time>2023-07-15T13:46:26Z</time></trkpt><trkpt lat="38.747941" lon="-9.395205"><ele>136.109</ele><time>2023-07-15T13:46:27Z</time></trkpt><trkpt lat="38.748259" lon="-9.395148"><ele>136.215</ele><time>2023-07-15T13:46:28Z</time></trkpt><trkpt lat="38.748611" lon="-9.395075"><ele>136.488</ele><time>2023-07-15T13:46:29Z</time></trkpt><trkpt lat="38.748981" lon="-9.394987"><ele>136.524</ele><time>2023-07-15T13:46:30Z</time></trkpt><trkpt lat="38.749349" lon="-9.394859"><ele>136.569</ele><time>2023-07-15T13:46:31Z</time></trkpt><trkpt lat="38.749699" lon="-9.394647"><ele>136.952</ele><time>2023-07-15T13:46:32Z</time></trkpt><trkpt lat="38.750032" lon="-9.394352"><ele>136.982</ele><time>2023-07-15T13:46:33Z</time></trkpt><trkpt lat="38.750365" lon="-9.394005"><ele>137.350</ele><time>2023-07-15T13:46:34Z</time></trkpt><trkpt lat="38.750718" lon="-9.393630"><ele>137.666</ele><time>2023-07-15T13:46:36Z</time></trkpt><trkpt lat="38.751093" lon="-9.393237"><ele>137.838</ele><time>2023-07-15T13:46:36Z</time></trkpt><trkpt lat="38.751486" lon="-9.392829"><ele>138.169</ele><time>2023-07-15T13:46:37Z</time></trkpt><trkpt lat="38.751869" lon="-9.392432"><ele>138.304</ele><time>2023-07-15T13:46:38Z</time></trkpt><trkpt lat="38.752217" lon="-9.392069"><ele>138.324</ele><time>2023-07-15T13:46:39Z</time></trkpt><trkpt lat="38.752517" lon="-9.391761"><ele>138.409</ele><time>2023-07-15T13:46:40Z</time></trkpt><trkpt lat="38.752772" lon="-9.391521"><ele>138.467</ele><time>2023-07-15T13:46:41Z</time></trkpt><trkpt lat="38.752997" lon="-9.391378"><ele>138.480</ele><time>2023-07-15T13:46:42Z</time></trkpt><trkpt lat="38.753205" lon="-9.391358"><ele>138.336</ele><time>2023-07-15T13:46:44Z</time></trkpt><trkpt lat="38.753385" lon="-9.391456"><ele>138.331</ele><time>2023-07-15T13:46:45Z</time></trkpt><trkpt lat="38.753517" lon="-9.391648"><ele>138.774</ele><time>2023-07-15T13:46:45Z</time></trkpt><trkpt lat="38.753577" lon="-9.391905"><ele>139.394</ele><time>2023-07-15T13:46:46Z</time></trkpt><trkpt lat="38.753552" lon="-9.392192"><ele>139.972</ele><time>2023-07-15T13:46:47Z</time></trkpt><trkpt lat="38.753450" lon="-9.392484"><ele>140.588</ele><time>2023-07-15T13:46:48Z</time></trkpt><trkpt lat="38.753268" lon="-9.392761"><ele>141.660</ele><time>2023-07-15T13:46:49Z</time></trkpt><trkpt lat="38.753023" lon="-9.393029"><ele>141.981</ele><time>2023-07-15T13:46:50Z</time></trkpt><trkpt lat="38.752738" lon="-9.393311"><ele>141.761</ele><time>2023-07-15T13:46:51Z</time></trkpt><trkpt lat="38.752420" lon="-9.393621"><ele>140.917</ele><time>2023-07-15T13:46:53Z</time></trkpt><trkpt lat="38.752075" lon="-9.393956"><ele>139.609</ele><time>2023-07-15T13:46:53Z</time></trkpt><trkpt lat="38.751735" lon="-9.394294"><ele>138.099</ele><time>2023-07-15T13:46:54Z</time></trkpt><trkpt lat="38.751440" lon="-9.394591"><ele>136.022</ele><time>2023-07-15T13:46:55Z</time></trkpt><trkpt lat="38.751208" lon="-9.394853"><ele>134.288</ele><time>2023-07-15T13:46:56Z</time></trkpt><trkpt lat="38.751060" lon="-9.395113"><ele>133.483</ele><time>2023-07-15T13:46:57Z</time></trkpt><trkpt lat="38.750997" lon="-9.395388"><ele>132.086</ele><time>2023-07-15T13:46:58Z</time></trkpt><trkpt lat="38.751027" lon="-9.395646"><ele>130.966</ele><time>2023-07-15T13:46:59Z</time></trkpt><trkpt lat="38.751144" lon="-9.395843"><ele>129.744</ele><time>2023-07-15T13:47:00Z</time></trkpt><trkpt lat="38.751327" lon="-9.395975"><ele>128.830</ele><time>2023-07-15T13:47:01Z</time></trkpt><trkpt lat="38.751564" lon="-9.396052"><ele>128.522</ele><time>2023-07-15T13:47:02Z</time></trkpt><trkpt lat="38.751849" lon="-9.396100"><ele>128.848</ele><time>2023-07-15T13:47:03Z</time></trkpt><trkpt lat="38.752157" lon="-9.396143"><ele>129.561</ele><time>2023-07-15T13:47:04Z</time></trkpt><trkpt lat="38.752419" lon="-9.396118"><ele>129.817</ele><time>2023-07-15T13:47:05Z</time></trkpt><trkpt lat="38.752641" lon="-9.396001"><ele>130.609</ele><time>2023-07-15T13:47:06Z</time></trkpt><trkpt lat="38.752839" lon="-9.395796"><ele>131.525</ele><time>2023-07-15T13:47:07Z</time></trkpt><trkpt lat="38.753014" lon="-9.395511"><ele>133.628</ele><time>2023-07-15T13:47:08Z</time></trkpt><trkpt lat="38.753164" lon="-9.395273"><ele>134.394</ele><time>2023-07-15T13:47:09Z</time></trkpt><trkpt lat="38.753304" lon="-9.395155"><ele>135.539</ele><time>2023-07-15T13:47:11Z</time></trkpt><trkpt lat="38.753417" lon="-9.395157"><ele>136.292</ele><time>2023-07-15T13:47:11Z</time></trkpt><trkpt lat="38.753497" lon="-9.395262"><ele>136.422</ele><time>2023-07-15T13:47:12Z</time></trkpt><trkpt lat="38.753587" lon="-9.395404"><ele>137.130</ele><time>2023-07-15T13:47:13Z</time></trkpt><trkpt lat="38.753717" lon="-9.395487"><ele>138.456</ele><time>2023-07-15T13:47:15Z</time></trkpt><trkpt lat="38.753867" lon="-9.395467"><ele>139.278</ele><time>2023-07-15T13:47:15Z</time></trkpt><trkpt lat="38.754002" lon="-9.395342"><ele>140.672</ele><time>2023-07-15T13:47:16Z</time></trkpt><trkpt lat="38.754109" lon="-9.395119"><ele>142.113</ele><time>2023-07-15T13:47:17Z</time></trkpt><trkpt lat="38.754192" lon="-9.394821"><ele>142.914</ele><time>2023-07-15T13:47:18Z</time></trkpt><trkpt lat="38.754234" lon="-9.394451"><ele>143.709</ele><time>2023-07-15T13:47:19Z</time></trkpt><trkpt lat="38.754216" lon="-9.394041"><ele>144.088</ele><time>2023-07-15T13:47:20Z</time></trkpt><trkpt lat="38.754163" lon="-9.393671"><ele>144.341</ele><time>2023-07-15T13:47:22Z</time></trkpt><trkpt lat="38.754135" lon="-9.393364"><ele>144.487</ele><time>2023-07-15T13:47:22Z</time></trkpt><trkpt lat="38.754178" lon="-9.393107"><ele>144.622</ele><time>2023-07-15T13:47:24Z</time></trkpt><trkpt lat="38.754293" lon="-9.392915"><ele>144.865</ele><time>2023-07-15T13:47:24Z</time></trkpt><trkpt lat="38.754465" lon="-9.392787"><ele>145.065</ele><time>2023-07-15T13:47:26Z</time></trkpt><trkpt lat="38.754675" lon="-9.392675"><ele>145.353</ele><time>2023-07-15T13:47:26Z</time></trkpt><trkpt lat="38.754895" lon="-9.392500"><ele>145.999</ele><time>2023-07-15T13:47:27Z</time></trkpt><trkpt lat="38.755097" lon="-9.392243"><ele>146.761</ele><time>2023-07-15T13:47:28Z</time></trkpt><trkpt lat="38.755244" lon="-9.391916"><ele>146.815</ele><time>2023-07-15T13:47:29Z</time></trkpt><trkpt lat="38.755306" lon="-9.391558"><ele>147.065</ele><time>2023-07-15T13:47:30Z</time></trkpt><trkpt lat="38.755278" lon="-9.391191"><ele>147.311</ele><time>2023-07-15T13:47:31Z</time></trkpt><trkpt lat="38.755163" lon="-9.390854"><ele>147.709</ele><time>2023-07-15T13:47:33Z</time></trkpt><trkpt lat="38.754968" lon="-9.390567"><ele>148.072</ele><time>2023-07-15T13:47:33Z</time></trkpt><trkpt lat="38.754711" lon="-9.390355"><ele>148.465</ele><time>2023-07-15T13:47:34Z</time></trkpt><trkpt lat="38.754411" lon="-9.390238"><ele>148.651</ele><time>2023-07-15T13:47:35Z</time></trkpt><trkpt lat="38.754093" lon="-9.390226"><ele>148.526</ele><time>2023-07-15T13:47:36Z</time></trkpt><trkpt lat="38.753775" lon="-9.390321"><ele>148.479</ele><time>2023-07-15T13:47:37Z</time></trkpt><trkpt lat="38.753473" lon="-9.390494"><ele>148.299</ele><time>2023-07-15T13:47:38Z</time></trkpt><trkpt lat="38.753183" lon="-9.390687"><ele>147.877</ele><time>2023-07-15T13:47:39Z</time></trkpt><trkpt lat="38.752903" lon="-9.390880"><ele>147.373</ele><time>2023-07-15T13:47:40Z</time></trkpt><trkpt lat="38.752640" lon="-9.391060"><ele>146.645</ele><time>2023-07-15T13:47:41Z</time></trkpt><trkpt lat="38.752387" lon="-9.391232"><ele>146.095</ele><time>2023-07-15T13:47:42Z</time></trkpt><trkpt lat="38.752144" lon="-9.391399"><ele>145.549</ele><time>2023-07-15T13:47:43Z</time></trkpt><trkpt lat="38.751914" lon="-9.391557"><ele>145.323</ele><time>2023-07-15T13:47:44Z</time></trkpt><trkpt lat="38.751696" lon="-9.391705"><ele>144.809</ele><time>2023-07-15T13:47:45Z</time></trkpt><trkpt lat="38.751486" lon="-9.391848"><ele>144.320</ele><time>2023-07-15T13:47:46Z</time></trkpt><trkpt lat="38.751288" lon="-9.391980"><ele>143.943</ele><time>2023-07-15T13:47:47Z</time></trkpt><trkpt lat="38.751110" lon="-9.392093"><ele>143.699</ele><time>2023-07-15T13:47:48Z</time></trkpt><trkpt lat="38.750955" lon="-9.392186"><ele>143.384</ele><time>2023-07-15T13:47:49Z</time></trkpt><trkpt lat="38.750815" lon="-9.392263"><ele>142.937</ele><time>2023-07-15T13:47:51Z</time></trkpt><trkpt lat="38.750692" lon="-9.392328"><ele>142.647</ele><time>2023-07-15T13:47:51Z</time></trkpt><trkpt lat="38.750589" lon="-9.392385"><ele>142.575</ele><time>2023-07-15T13:47:52Z</time></trkpt><trkpt lat="38.750506" lon="-9.392430"><ele>142.241</ele><time>2023-07-15T13:47:53Z</time></trkpt><trkpt lat="38.750429" lon="-9.392472"><ele>141.943</ele><time>2023-07-15T13:47:54Z</time></trkpt><trkpt lat="38.750349" lon="-9.392515"><ele>141.812</ele><time>2023-07-15T13:47:55Z</time></trkpt><trkpt lat="38.750271" lon="-9.392558"><ele>141.632</ele><time>2023-07-15T13:47:56Z</time></trkpt><trkpt lat="38.750193" lon="-9.392603"><ele>141.305</ele><time>2023-07-15T13:47:57Z</time></trkpt><trkpt lat="38.750111" lon="-9.392648"><ele>140.809</ele><time>2023-07-15T13:47:58Z</time></trkpt><trkpt lat="38.750024" lon="-9.392698"><ele>140.692</ele><time>2023-07-15T13:47:59Z</time></trkpt><trkpt lat="38.749934" lon="-9.392750"><ele>140.515</ele><time>2023-07-15T13:48:00Z</time></trkpt><trkpt lat="38.749847" lon="-9.392802"><ele>140.351</ele><time>2023-07-15T13:48:01Z</time></trkpt><trkpt lat="38.749755" lon="-9.392859"><ele>140.086</ele><time>2023-07-15T13:48:02Z</time></trkpt><trkpt lat="38.749660" lon="-9.392921"><ele>140.089</ele><time>2023-07-15T13:48:03Z</time></trkpt><trkpt lat="38.749562" lon="-9.392988"><ele>140.059</ele><time>2023-07-15T13:48:04Z</time></trkpt><trkpt lat="38.749462" lon="-9.393056"><ele>139.977</ele><time>2023-07-15T13:48:05Z</time></trkpt><trkpt lat="38.749357" lon="-9.393126"><ele>139.953</ele><time>2023-07-15T13:48:06Z</time></trkpt><trkpt lat="38.749255" lon="-9.393191"><ele>139.885</ele><time>2023-07-15T13:48:07Z</time></trkpt><trkpt lat="38.749167" lon="-9.393249"><ele>139.627</ele><time>2023-07-15T13:48:08Z</time></trkpt><trkpt lat="38.749099" lon="-9.393291"><ele>139.568</ele><time>2023-07-15T13:48:09Z</time></trkpt><trkpt lat="38.749036" lon="-9.393324"><ele>139.414</ele><time>2023-07-15T13:48:10Z</time></trkpt><trkpt lat="38.748976" lon="-9.393351"><ele>139.209</ele><time>2023-07-15T13:48:11Z</time></trkpt><trkpt lat="38.748916" lon="-9.393379"><ele>139.233</ele><time>2023-07-15T13:48:12Z</time></trkpt><trkpt lat="38.748853" lon="-9.393411"><ele>139.276</ele><time>2023-07-15T13:48:13Z</time></trkpt><trkpt lat="38.748786" lon="-9.393444"><ele>139.282</ele><time>2023-07-15T13:48:14Z</time></trkpt><trkpt lat="38.748716" lon="-9.393481"><ele>139.297</ele><time>2023-07-15T13:48:15Z</time></trkpt><trkpt lat="38.748653" lon="-9.393526"><ele>139.220</ele><time>2023-07-15T13:48:16Z</time></trkpt><trkpt lat="38.748603" lon="-9.393573"><ele>139.190</ele><time>2023-07-15T13:48:17Z</time></trkpt><trkpt lat="38.748566" lon="-9.393608"><ele>139.168</ele><time>2023-07-15T13:48:18Z</time></trkpt><trkpt lat="38.748516" lon="-9.393641"><ele>139.194</ele><time>2023-07-15T13:48:20Z</time></trkpt><trkpt lat="38.748464" lon="-9.393651"><ele>139.146</ele><time>2023-07-15T13:48:30Z</time></trkpt><trkpt lat="38.748394" lon="-9.393656"><ele>139.191</ele><time>2023-07-15T13:48:32Z</time></trkpt><trkpt lat="38.748322" lon="-9.393691"><ele>139.681</ele><time>2023-07-15T13:48:34Z</time></trkpt><trkpt lat="38.748269" lon="-9.393728"><ele>139.619</ele><time>2023-07-15T13:48:36Z</time></trkpt><trkpt lat="38.748227" lon="-9.393755"><ele>139.609</ele><time>2023-07-15T13:48:40Z</time></trkpt><trkpt lat="38.748185" lon="-9.393792"><ele>139.550</ele><time>2023-07-15T13:48:46Z</time></trkpt><trkpt lat="38.748143" lon="-9.393845"><ele>139.543</ele><time>2023-07-15T13:48:48Z</time></trkpt><trkpt lat="38.748063" lon="-9.393900"><ele>139.559</ele><time>2023-07-15T13:48:50Z</time></trkpt><trkpt lat="38.748016" lon="-9.393932"><ele>139.564</ele><time>2023-07-15T13:48:51Z</time></trkpt><trkpt lat="38.747976" lon="-9.394007"><ele>139.667</ele><time>2023-07-15T13:48:53Z</time></trkpt><trkpt lat="38.747983" lon="-9.394072"><ele>139.587</ele><time>2023-07-15T13:48:55Z</time></trkpt><trkpt lat="38.748000" lon="-9.394132"><ele>139.155</ele><time>2023-07-15T13:48:58Z</time></trkpt><trkpt lat="38.748047" lon="-9.394235"><ele>138.891</ele><time>2023-07-15T13:48:59Z</time></trkpt><trkpt lat="38.748074" lon="-9.394292"><ele>138.813</ele><time>2023-07-15T13:49:00Z</time></trkpt><trkpt lat="38.748099" lon="-9.394344"><ele>138.834</ele><time>2023-07-15T13:49:01Z</time></trkpt><trkpt lat="38.748157" lon="-9.394416"><ele>138.855</ele><time>2023-07-15T13:49:03Z</time></trkpt><trkpt lat="38.748205" lon="-9.394424"><ele>138.810</ele><time>2023-07-15T13:49:05Z</time></trkpt><trkpt lat="38.748247" lon="-9.394382"><ele>138.809</ele><time>2023-07-15T13:49:07Z</time></trkpt><trkpt lat="38.748315" lon="-9.394314"><ele>138.824</ele><time>2023-07-15T13:49:09Z</time></trkpt><trkpt lat="38.748385" lon="-9.394291"><ele>138.927</ele><time>2023-07-15T13:49:11Z</time></trkpt></trkseg></trk></gpx>